3.1,1: Meneer,2: Kuisters,3: van,4: de,5: viswinkel,6: waar,7: ik,8: af,9: en,10: toe,11: vrijdagsmiddags,12: na,13: school,14: gesneden,15: zalm,16: voor,17: mijn,18: moeder,19: moest,20: halen,21: was,22: een,23: lange,24: schonkige,25: man,26: wiens,27: gezicht,28: hoofdzakelijk,29: uit,30: plooien,31: bestond.,32: Zijn,33: hoofd,34: met,35: de,36: steile,37: rossige,38: kuif,39: hing,40: wat,41: naar,42: voren,43: tussen,44: zijn,45: opgetrokken,46: schouders.,47: Hij,48: sneed,49: de,50: zalm,51: met,52: een,53: smal,54: in,55: het,56: midden,57: uitgesleten,58: mes,59: nam,60: de,61: plakjes,62: tussen,63: duim,64: en,65: wijsvinger,66: en,67: legde,68: ze,69: behoedzaam,70: op,71: elkaar.,72: Zijn,73: handen,74: waren,75: paarsachtig,76: rood,77: en,78: er,79: kleefden,80: schubben,81: aan.,82: Iedere,83: keer,84: vroeg,85: hij,86: me,87: of,88: ik,89: met,90: Tonia,91: wilde,92: spelen.,93: Ik,94: zei,95: dan,96: dat,97: ik,98: niet,99: kon,100: omdat,101: ze,102: thuis,103: op,104: de,105: zalm,106: zaten,107: te,108: wachten.,,,,,,,,,,,,,,,,,,,,,,,,,,,,,,,,,,,,,,,,,,,,,,,,,,,,,,,,,,,,,,,,,,,,,,,,,,,,,,,,
5.1,1: Maar,2: op,3: een,4: dag,5: kon,6: ik,7: er,8: niet,9: onderuit.,10: Het,11: was,12: druk,13: in,14: de,15: winkel.,16: Zodra,17: meneer,18: Kuisters,19: me,20: binnen,21: zag,22: komen,23: duwde,24: hij,25: de,26: schuifdeur,27: tussen,28: winkel,29: en,30: huiskamer,31: een,32: eindje,33: open,34: en,35: zei,36: dat,37: ik,38: maar,39: door,40: moest,41: lopen,42: want,43: het,44: zou,45: nog,46: wel,47: even,48: duren.,49: 'Tonia,50: is,51: thuis'.,52: Hij,53: gaf,54: me,55: een,56: zetje,57: tegen,58: mijn,59: schouder,60: en,61: deed,62: de,63: deur,64: achter,65: me,66: dicht.,67: De,68: kamer,69: was,70: donker,71: en,72: klein.,73: Tonia,74: zat,75: aan,76: tafel,77: naar,78: haar,79: handen,80: te,81: kijken,82: die,83: voor,84: haar,85: op,86: het,87: pluche,88: tafelkleed,89: lagen;,90: een,91: bleek,92: kind,93: met,94: lichte,95: waterige,96: ogen,97: en,98: vlasachtig,99: haar.,100: Ze,101: zat,102: bij,103: me,104: in,105: de,106: klas,107: en,108: omdat,109: iedereen,110: vond,111: dat,112: ze,113: niet,114: alleen,115: op,116: een,117: vis,118: leek,119: maar,120: ook,121: naar,122: vis,123: stonk,124: wilde,125: niemand,126: met,127: haar,128: spelen.,,,,,,,,,,,,,,,,,,,,,,,,,,,,,,,,,,,,,,,,,,,,,,,,,,,,,,,,,,,,
7.1,1: 'Wat,2: kom,3: je,4: doen?',5: vroeg,6: ze.,7: Ze,8: legde,9: haar,10: handen,11: in,12: haar,13: schoot,14: en,15: keek,16: me,17: wantrouwig,18: aan.,19: Haar,20: mond,21: hing,22: half,23: open,24: haar,25: witte,26: gezicht,27: glom,28: alsof,29: het,30: met,31: vet,32: was,33: ingesmeerd.,34: 'Ik,35: moet,36: hier,37: even,38: wachten,39: van,40: je,41: vader.',42: De,43: meubels,44: in,45: het,46: vertrek,47: stonden,48: zo,49: dicht,50: op,51: elkaar,52: dat,53: je,54: nauwelijks,55: kon,56: lopen,57: zonder,58: iets,59: te,60: raken.,61: Ik,62: schoof,63: de,64: stoel,65: waarop,66: ik,67: met,68: mijn,69: onderarmen,70: leunde,71: zo,72: ver,73: mogelijk,74: onder,75: tafel,76: maar,77: wanneer,78: ik,79: achteruit,80: ging,81: voelde,82: ik,83: de,84: sleutel,85: van,86: de,87: buffetla,88: in,89: mijn,90: rug,91: steken.,92: De,93: ruimte,94: werd,95: nog,96: meer,97: verkleind,98: door,99: een,100: enorme,101: lamp,102: met,103: franje,104: die,105: als,106: een,107: parasol,108: boven,109: onze,110: hoofden,111: hing.,112: Op,113: de,114: schoorsteen,115: stond,116: een,117: zwartmetalen,118: pendule,119: bekroond,120: met,121: een,122: naakt,123: mannetje.,124: Hij,125: hield,126: een,127: soort,128: knots,129: in,130: zijn,131: ene,132: hand,133: en,134: wees,135: met,136: de,137: andere,138: omlaag,139: naar,140: de,141: wijzerplaat.,142: Het,143: uurwerk,144: tikte,145: hard.,146: En,147: wij,148: zeiden,149: geen,150: woord,151: tegen,152: elkaar.,153: Na,154: een,155: minuut,156: of,157: twintig,158: kwam,159: haar,160: vader,161: binnen.,,,,,,,,,,,,,,,,,,,,,,,,,,,
9.1,1: 'Ziezo,2: zei,3: hij.,4: Hij,5: sloot,6: de,7: deur,8: met,9: een,10: haak,11: af,12: en,13: verwisselde,14: zijn,15: witte,16: jas,17: voor,18: een,19: bruin,20: colbert,21: dat,22: op,23: een,24: knaapje,25: in,26: de,27: kast,28: hing.,29: 'Nu,30: kunnen,31: we,32: rustig,33: onze,34: gang,35: gaan.',36: Hij,37: schoof,38: een,39: paar,40: stoelen,41: opzij,42: de,43: enige,44: manier,45: om,46: bij,47: een,48: laag,49: tafeltje,50: te,51: komen,52: in,53: een,54: hoek,55: van,56: de,57: kamer.,58: Op,59: het,60: tafeltje,61: stond,62: een,63: toestel,64: met,65: een,66: frontplaat,67: van,68: zwart,69: eboniet.,70: Er,71: staken,72: spoelen,73: uit,74: en,75: de,76: twee,77: knoppen,78: eronder,79: hadden,80: een,81: witte,82: schaalverdeling.,83: Meneer,84: Kuisters,85: drukte,86: een,87: hefboom,88: aan,89: de,90: zijkant,91: van,92: het,93: apparaat,94: omlaag,95: draaide,96: aan,97: de,98: knoppen,99: zette,100: de,101: spoelen,102: in,103: een,104: bepaalde,105: stand,106: en,107: vroeg,108: aan,109: zijn,110: dochter,111: of,112: er,113: een,114: nieuwe,115: stop,116: in,117: de,118: schakelkast,119: zat.,,,,,,,,,,,,,,,,,,,,,,,,,,,,,,,,,,,,,,,,,,,,,,,,,,,,,,,,,,,,,,,,,,,,,
11.1,1: Ze,2: knikte.,3: 'Mooi',4: zei,5: hij,6: 'dan,7: kunnen,8: we,9: beginnen.',10: Hij,11: keek,12: op,13: zijn,14: horloge.,15: ',16: 't,17: Is,18: net,19: de,20: goeie,21: tijd.,22: Kom,23: maar,24: eens,25: hier.',26: Hij,27: wenkte,28: me,29: trok,30: een,31: stoel,32: dichter,33: bij,34: het,35: tafeltje,36: en,37: beduidde,38: me,39: dat,40: ik,41: daarop,42: moest,43: gaan,44: zitten.,45: 'Je,46: hoofd,47: wat,48: naar,49: voren.',50: Hij,51: stond,52: achter,53: me,54: en,55: gaf,56: me,57: een,58: lichte,59: duw,60: tegen,61: mijn,62: kruin,63: zijn,64: handen,65: gingen,66: door,67: mijn,68: haar.,69: Er,70: kroop,71: een,72: rilling,73: over,74: mijn,75: rug,76: die,77: ik,78: voelde,79: tot,80: aan,81: mijn,82: billen.,83: Ik,84: rook,85: een,86: scherpe,87: vislucht,88: die,89: me,90: misselijk,91: maakte.,92: De,93: man,94: deed,95: een,96: dubbele,97: metalen,98: band,99: over,100: mijn,101: hoofd,102: en,103: drukte,104: twee,105: zwarte,106: schijven,107: met,108: gaatjes,109: erin,110: op,111: mijn,112: oren.,,,,,,,,,,,,,,,,,,,,,,,,,,,,,,,,,,,,,,,,,,,,,,,,,,,,,,,,,,,,,,,,,,,,,,,,,,,,
13.1,1: 'Nu,2: goed,3: luisteren,4: riep,5: hij,6: 'nu,7: komt,8: het.',9: Hij,10: boog,11: zich,12: voorover,13: zodat,14: zijn,15: groot,16: uitgezakt,17: gezicht,18: vlak,19: voor,20: het,21: mijne,22: hing.,23: Ik,24: zag,25: de,26: rode,27: adertjes,28: in,29: zijn,30: vochtige,31: ogen,32: en,33: hoe,34: zijn,35: pupillen,36: heen,37: en,38: weer,39: schoten,40: ‚Äî,41: hij,42: wilde,43: zien,44: wat,45: ik,46: hoorde.,47: In,48: mijn,49: oren,50: begon,51: een,52: geweldig,53: lawaai,54: kraken,55: piepen,56: een,57: scheurend,58: gegil,59: lange,60: fluittonen,61: die,62: plotseling,63: overgingen,64: in,65: razend,66: geloei,67: dat,68: door,69: mijn,70: hele,71: lichaam,72: trok.,73: Meneer,74: Kuisters,75: lachte.,76: Dat,77: is,78: 'm,79: nou,80: schreeuwde,81: hij,82: 'dat,83: is,84: de,85: Mexicaanse,86: hond.',87: Ik,88: probeerde,89: de,90: schijven,91: af,92: te,93: rukken,94: maar,95: hij,96: hield,97: ze,98: vast,99: hij,100: drukte,101: met,102: zijn,103: hand,104: stevig,105: op,106: mijn,107: hoofd,108: en,109: draaide,110: aan,111: een,112: van,113: de,114: knoppen.,115: 'Hier,116: is,117: de,118: HDO,119: de,120: Hilversumse,121: Draadloze,122: Omroep,123: riep,124: iemand,125: en,126: na,127: een,128: paar,129: onverstaanbare,130: zinnen,131: sloeg,132: er,133: keiharde,134: muziek,135: tegen,136: mijn,137: trommelvliezen,138: alsof,139: mijn,140: hoofd,141: bekneld,142: zat,143: in,144: de,145: hoorn,146: van,147: mijn,148: vaders,149: pathefoon.,,,,,,,,,,,,,,,,,,,,,,,,,,,,,,,,,,,,,,,
15.1,1: Na,2: een,3: tijdje,4: verloste,5: meneer,6: Kuisters,7: me,8: onzacht,9: van,10: de,11: koptelefoon.,12: Het,13: effect,14: scheen,15: hem,16: niet,17: bevallen,18: te,19: zijn.,20: Versuft,21: bleef,22: ik,23: zitten.,24: 'Ga,25: d'r,26: es,27: af.',28: Tonia,29: trok,30: me,31: aan,32: mijn,33: arm.,34: 'Nou,35: mag,36: ik.',37: Met,38: suizende,39: oren,40: en,41: bonzende,42: slapen,43: stond,44: ik,45: op,46: en,47: liep,48: naar,49: de,50: deur.,51: De,52: haak,53: kreeg,54: ik,55: met,56: moeite,57: los.,58: Rommelend,59: schoof,60: de,61: deur,62: over,63: de,64: rail,65: terug.,66: In,67: de,68: winkel,69: was,70: de,71: vislucht,72: sterker,73: dan,74: ooit.,75: Buiten,76: durfde,77: ik,78: pas,79: weer,80: adem,81: te,82: halen,83: en,84: ik,85: was,86: al,87: een,88: halve,89: straat,90: verder,91: toen,92: ik,93: merkte,94: dat,95: ik,96: de,97: zalm,98: had,99: laten,100: liggen.,101: Op,102: een,103: middag,104: kwam,105: ik,106: van,107: school,108: thuis,109: en,110: terwijl,111: ik,112: in,113: de,114: gang,115: mijn,116: jas,117: aan,118: de,119: kapstok,120: hing,121: hoorde,122: ik,123: iemand,124: op,125: luide,126: toon,127: praten.,128: Het,129: geluid,130: kwam,131: uit,132: de,133: huiskamer.,134: Er,135: klonken,136: geen,137: andere,138: stemmen,139: tegenin.,140: Het,141: bleef,142: een,143: barse,144: monoloog.,145: In,146: de,147: veronderstelling,148: dat,149: er,150: iemand,151: op,152: bezoek,153: was,154: die,155: een,156: niet,157: erg,158: vriendelijke,159: manier,160: van,161: converseren,162: had,163: of,164: die,165: een,166: van,167: mijn,168: familieleden,169: de,170: waarheid,171: kwam,172: zeggen,173: deed,174: ik,175: zachtjes,176: de,177: deur,178: open,179: en,180: keek,181: door,182: een,183: kier,184: naar,185: binnen.,,,
17.1,1: In,2: de,3: kamer,4: stonden,5: mijn,6: vader,7: en,8: mijn,9: broer,10: ieder,11: aan,12: een,13: kant,14: van,15: de,16: schoorsteen.,17: Ze,18: hielden,19: hun,20: hoofden,21: enigszins,22: scheef,23: en,24: keken,25: zwijgend,26: naar,27: de,28: luidsprekers,29: van,30: de,31: radio.,32: 'Wie,33: schreeuwt,34: daar,35: zo?',36: vroeg,37: ik.,38: 'Dat,39: is,40: Hitler,41: zei,42: mijn,43: vader.,44: Hij,45: gaf,46: me,47: met,48: een,49: handgebaar,50: te,51: kennen,52: dat,53: ik,54: stil,55: moest,56: zijn.,57: Ik,58: bleef,59: even,60: staan,61: luisteren.,62: Het,63: was,64: net,65: het,66: eerste,67: jaar,68: dat,69: ik,70: Duits,71: had,72: op,73: school,74: en,75: ik,76: begreep,77: er,78: maar,79: weinig,80: van.,81: Ik,82: verstond,83: alleen,84: het,85: woord,86: 'Juden',87: dat,88: de,89: man,90: steeds,91: vaker,92: uitsprak,93: en,94: op,95: een,96: steeds,97: verachtelijker,98: toon,99: alsof,100: hij,101: ertegen,102: trapte.,103: Ook,104: op,105: mijn,106: kamer,107: boven,108: hoorde,109: ik,110: de,111: stem.,112: Hij,113: drong,114: door,115: tot,116: in,117: alle,118: hoeken,119: van,120: het,121: huis.,122: Hij,123: overstemde,124: zelfs,125: de,126: roffelende,127: wastafelkraan,128: die,129: ik,130: open,131: had,132: gezet,133: omdat,134: ik,135: benieuwd,136: was,137: of,138: ik,139: hem,140: dan,141: nog,142: zou,143: kunnen,144: horen.,,,,,,,,,,,,,,,,,,,,,,,,,,,,,,,,,,,,,,,,,,,,
19.1,1: Ik,2: legde,3: mijn,4: boeken,5: en,6: schriften,7: klaar,8: maar,9: voor,10: ik,11: aan,12: mijn,13: huiswerk,14: begon,15: liep,16: ik,17: de,18: zoldertrap,19: op.,20: De,21: zolderdeur,22: deed,23: ik,24: achter,25: me,26: dicht.,27: Zonder,28: licht,29: te,30: maken,31: liep,32: ik,33: naar,34: het,35: midden,36: van,37: de,38: zolder,39: en,40: bleef,41: daar,42: staan.,43: Het,44: geluid,45: van,46: de,47: stem,48: was,49: hier,50: minder,51: maar,52: nog,53: zeer,54: goed,55: hoorbaar,56: en,57: ik,58: ging,59: terug,60: naar,61: mijn,62: kamer,63: en,64: zette,65: me,66: aan,67: mijn,68: werk.,69: Met,70: mijn,71: handen,72: tegen,73: mijn,74: oren,75: probeerde,76: ik,77: mijn,78: geschiedenisles,79: over,80: de,81: Heilige,82: Alliantie,83: te,84: leren.,85: Ik,86: kreeg,87: dezelfde,88: gewaarwording,89: als,90: jaren,91: tevoren,92: toen,93: ik,94: met,95: de,96: harde,97: schijven,98: van,99: de,100: koptelefoon,101: op,102: bij,103: meneer,104: Kuisters,105: het,106: eerste,107: radiogeluid,108: had,109: opgevangen.,110: De,111: Mexicaanse,112: hond.,113: Ik,114: drukte,115: mijn,116: handen,117: steviger,118: tegen,119: mijn,120: oren,121: alsof,122: ik,123: onbewust,124: voelde,125: wat,126: die,127: stem,128: teweeg,129: zou,130: gaan,131: brengen.,,,,,,,,,,,,,,,,,,,,,,,,,,,,,,,,,,,,,,,,,,,,,,,,,,,,,,,,,
24.1,1: Met,2: mijn,3: wijsvinger,4: scharrel,5: ik,6: behoedzaam,7: het,8: laatste,9: restje,10: uit,11: een,12: blik.,13: Mijn,14: oren,15: registreren,16: de,17: vertrouwde,18: geluiden.,19: Het,20: sissen,21: van,22: het,23: water,24: in,25: de,26: toiletten.,27: De,28: kinderkreten,29: in,30: de,31: flat,32: boven,33: mijn,34: hoofd.,35: De,36: buitendeur,37: die,38: drie,39: verdiepingen,40: lager,41: in,42: het,43: slot,44: valt.,45: Mijn,46: oudevrouwenhanden,47: graaien,48: boven,49: het,50: aanrecht.,51: Het,52: lege,53: blik,54: valt,55: op,56: de,57: grond,58: en,59: rolt,60: met,61: een,62: klap,63: tegen,64: de,65: metalen,66: vuilnisbak.,67: Mijn,68: armbeweging,69: bevriest.,70: De,71: man,72: van,73: de,74: flat,75: hiernaast,76: moet,77: de,78: klap,79: hebben,80: gehoord.,81: Het,82: verschrikkelijke,83: krassen,84: begint,85: weer.,86: O,87: God,88: houdt,89: het,90: dan,91: nooit,92: op?,93: Ik,94: trek,95: mijn,96: rok,97: op,98: zak,99: op,100: handen,101: en,102: knie√´n,103: en,104: sleur,105: mijn,106: oude,107: lijf,108: naar,109: de,110: woonkamer.,111: Daar,112: komt,113: het,114: geluid,115: vandaan.,116: Daar,117: moet,118: ik,119: naartoe.,120: Vandaag,121: laat,122: ik,123: me,124: niet,125: meer,126: door,127: mijn,128: angst,129: verlammen.,130: Al,131: enkele,132: dagen,133: krast,134: de,135: man,136: van,137: hiernaast,138: op,139: de,140: muur.,141: Het,142: krassen,143: is,144: voor,145: mij,146: bestemd.,147: De,148: man,149: wil,150: me,151: eerst,152: bang,153: maken.,154: Daarna,155: wil,156: hij,157: de,158: deur,159: openbreken.,160: Maar,161: dit,162: is,163: mijn,164: flat.,165: Ik,166: laat,167: er,168: niemand,169: in.,170: Telkens,171: wanneer,172: de,173: man,174: me,175: in,176: de,177: woonkamer,178: hoort,179: begint,180: zijn,181: gekras.,182: Geen,183: geluiden,184: meer,185: maken,186: is,187: de,188: boodschap.
26.1,1: Het,2: krassen,3: op,4: de,5: muur,6: wordt,7: driftiger.,8: De,9: man,10: gedraagt,11: zich,12: als,13: een,14: roofdier.,15: Hij,16: weet,17: dat,18: hij,19: ongestoord,20: op,21: de,22: muur,23: kan,24: krassen,25: dat,26: ik,27: geen,28: mens,29: te,30: hulp,31: kan,32: roepen.,33: Ik,34: moet,35: de,36: man,37: weglokken,38: van,39: de,40: muur.,41: Nu,42: moet,43: ik,44: het,45: doen.,46: Onhoorbaar,47: sluip,48: ik,49: naar,50: de,51: deur,52: en,53: druk,54: mijn,55: oog,56: tegen,57: het,58: ronde,59: kijkgaatje.,60: De,61: lift,62: in,63: de,64: trappenhal,65: zoemt.,66: Een,67: vrouw,68: stapt,69: uit,70: de,71: lift,72: en,73: verdwijnt,74: in,75: haar,76: flat.,77: Na,78: enkele,79: minuten,80: open,81: ik,82: onhoorbaar,83: de,84: deur.,85: Voorzichtig,86: schuifel,87: ik,88: de,89: gang,90: op,91: naar,92: de,93: volgende,94: deur.,95: Een,96: druk,97: op,98: de,99: bel.,100: Dan,101: hol,102: ik,103: terug,104: en,105: draai,106: de,107: sleutel,108: om,109: in,110: het,111: slot.,112: Het,113: krassen,114: is,115: gestopt.,116: De,117: muur,118: zwijgt.,119: Zijn,120: deurbel,121: heeft,122: hem,123: in,124: verwarring,125: gebracht.,126: Het,127: is,128: me,129: gelukt.,130: Een,131: roofdier,132: moet,133: je,134: afleiden,135: van,136: zijn,137: prooi,138: je,139: moet,140: op,141: een,142: andere,143: plaats,144: in,145: zijn,146: gehoorveld,147: zijn,148: aandacht,149: trekken.,150: Een,151: roofdier,152: kan,153: zijn,154: gehoor,155: maar,156: op,157: √©√©n,158: punt,159: richten,160: dat,161: is,162: zijn,163: enige,164: zwakte.,,,,,,,,,,,,,,,,,,,,,,,,
28.1,1: Geen,2: fout,3: meer,4: maken,5: zijn,6: opmerkzaamheid,7: niet,8: naar,9: de,10: muur,11: richten,12: muisstil,13: zijn.,14: In,15: zes,16: tellen,17: uitademen.,18: Onhoorbaar,19: verschuif,20: ik,21: mijn,22: evenwichtspunt,23: naar,24: achteren,25: dan,26: pas,27: kom,28: ik,29: in,30: beweging.,31: Dat,32: is,33: het,34: geheim,35: van,36: katten.,37: Tot,38: voor,39: kort,40: woonde,41: ik,42: in,43: mijn,44: geboortehuis,45: aan,46: de,47: andere,48: kant,49: van,50: de,51: stad.,52: Zestig,53: jaar,54: wachtte,55: ik,56: daar,57: op,58: een,59: man.,60: Terwijl,61: ik,62: wachtte,63: las,64: ik,65: de,66: aankondigingen,67: in,68: het,69: parochieblad,70: en,71: keek,72: naar,73: de,74: lottotrekking,75: op,76: televisie.,77: Ik,78: las,79: de,80: horoscopen,81: van,82: vrouwenbladen.,83: Maar,84: een,85: man,86: kwam,87: er,88: niet.,89: Na,90: de,91: dood,92: van,93: mijn,94: ouders,95: heb,96: ik,97: het,98: huis,99: van,100: de,101: hand,102: gedaan.,103: Met,104: het,105: geld,106: kocht,107: ik,108: deze,109: comfortabele,110: driekamerflat,111: en,112: een,113: siamese,114: kat.,115: 'Een,116: ideaal,117: gezelschapsdier',118: zei,119: de,120: winkelbediende.,121: Op,122: handen,123: en,124: voeten,125: sluip,126: ik,127: naar,128: de,129: keuken,130: grijp,131: het,132: pillendoosje,133: en,134: vul,135: een,136: glas,137: water.,138: In,139: de,140: woonkamer,141: kruip,142: ik,143: op,144: het,145: kussen.,146: Een,147: tijd,148: blijf,149: ik,150: onbeweeglijk,151: liggen.,152: Dan,153: lik,154: ik,155: de,156: slaappil,157: uit,158: mijn,159: geopende,160: hand.,,,,,,,,,,,,,,,,,,,,,,,,,,,,
30.1,1: Het,2: gekras,3: heeft,4: me,5: wakker,6: gemaakt.,7: Het,8: is,9: twee,10: uur.,11: Nooit,12: eerder,13: heb,14: ik,15: de,16: krasgeluiden,17: 's,18: nachts,19: gehoord.,20: Mijn,21: keel,22: zit,23: dicht.,24: Opgerold,25: lig,26: ik,27: op,28: het,29: kussen.,30: Mijn,31: armen,32: komen,33: in,34: beweging.,35: Deze,36: nacht,37: gaat,38: het,39: gebeuren,40: op,41: deze,42: nacht,43: heeft,44: de,45: man,46: gewacht.,47: De,48: buren,49: hebben,50: zich,51: teruggetrokken,52: in,53: het,54: cocon,55: van,56: de,57: slaap.,58: Ik,59: sta,60: er,61: helemaal,62: alleen,63: voor.,64: Het,65: gaat,66: nu,67: enkel,68: tussen,69: de,70: man,71: en,72: mij.,73: Weg,74: van,75: het,76: kussen,77: niet,78: op,79: mijn,80: rug,81: blijven,82: liggen.,83: Wie,84: op,85: zijn,86: rug,87: ligt,88: geeft,89: zich,90: over,91: dat,92: weten,93: zelfs,94: katten.,95: Traag,96: kom,97: ik,98: overeind.,99: Drie,100: minuten,101: na,102: twee.,103: Niet,104: bewegen.,105: De,106: minuten,107: tellen,108: tot,109: het,110: licht,111: wordt.,112: Drie,113: uur.,114: Het,115: krassen,116: is,117: overgegaan,118: in,119: klauwen.,120: Wat,121: moet,122: ik,123: doen?,124: Krampen,125: in,126: mijn,127: benen.,128: Zijn,129: er,130: al,131: buren,132: wakker,133: of,134: zwerven,135: ze,136: nog,137: in,138: de,139: geluidloze,140: wereld,141: van,142: de,143: slaap.,144: Vanaf,145: welk,146: uur,147: is,148: de,149: nacht,150: geen,151: nacht,152: meer?,,,,,,,,,,,,,,,,,,,,,,,,,,,,,,,,,,,,
32.1,1: Vier,2: uur.,3: Verkrampt,4: rechterbeen.,5: Proberen,6: om,7: op,8: mijn,9: linkerbeen,10: te,11: steunen.,12: Geen,13: enkel,14: geluid,15: op,16: straat.,17: Nog,18: √©√©n,19: uur,20: voor,21: het,22: ochtend,23: wordt.,24: Waarom,25: stopt,26: het,27: krassen?,28: Misschien,29: heeft,30: de,31: man,32: gewacht,33: tot,34: de,35: vermoeidheid,36: me,37: verdooft.,38: Wakker,39: blijven.,40: Hij,41: komt,42: er,43: niet,44: in.,45: Vijf,46: uur.,47: De,48: nacht,49: is,50: nu,51: echt,52: voorbij.,53: De,54: buren,55: ontwaken.,56: Ze,57: zullen,58: me,59: horen,60: als,61: ik,62: om,63: hulp,64: roep.,65: De,66: man,67: neemt,68: een,69: risico,70: als,71: hij,72: nu,73: mijn,74: flat,75: binnendringt.,76: Waarom,77: schijnt,78: er,79: nog,80: steeds,81: geen,82: licht,83: door,84: het,85: gordijn,86: waarop,87: wacht,88: het,89: ochtendlicht?,90: Om,91: vijf,92: uur,93: worden,94: de,95: meeste,96: misdrijven,97: gepleegd,98: heb,99: ik,100: in,101: een,102: krant,103: gelezen.,104: Zes,105: uur.,106: Een,107: vrachtwagen,108: claxonneert,109: op,110: straat,111: de,112: stad,113: komt,114: terug,115: tot,116: leven.,117: De,118: buren,119: komen,120: nu,121: uit,122: hun,123: bed.,124: Waarom,125: hoor,126: ik,127: niets?,128: Het,129: is,130: ochtend.,131: Het,132: moet,133: ochtend,134: zijn.,,,,,,,,,,,,,,,,,,,,,,,,,,,,,,,,,,,,,,,,,,,,,,,,,,,,,,
34.1,1: Zeven,2: uur.,3: De,4: lift,5: komt,6: met,7: een,8: brommend,9: geluid,10: in,11: beweging.,12: Ergens,13: boven,14: mijn,15: hoofd,16: huilt,17: een,18: kind.,19: `Houd,20: je,21: kop!',22: schreeuwt,23: iemand.,24: Eindelijk,25: de,26: vertrouwde,27: geluiden,28: van,29: het,30: gebouw.,31: De,32: stilte,33: van,34: de,35: nacht,36: heb,37: ik,38: overleefd.,39: Ik,40: laat,41: me,42: weer,43: op,44: het,45: kussen,46: zakken,47: trek,48: mijn,49: benen,50: op,51: en,52: sluit,53: mijn,54: ogen.,55: De,56: ketens,57: van,58: de,59: slaap,60: kunnen,61: me,62: niet,63: meer,64: verontrusten.,65: Traag,66: open,67: ik,68: mijn,69: ogen.,70: Zonnestralen,71: branden,72: door,73: de,74: dunne,75: gordijnen.,76: Iemand,77: spoelt,78: een,79: toilet,80: door.,81: Een,82: vrouw,83: huilt,84: een,85: man,86: lacht,87: hard.,88: Het,89: zijn,90: de,91: gewone,92: middaggeluiden.,93: Ik,94: takel,95: mijn,96: lijf,97: op,98: strompel,99: naar,100: de,101: keuken,102: en,103: open,104: een,105: blik.,,,,,,,,,,,,,,,,,,,,,,,,,,,,,,,,,,,,,,,,,,,,,,,,,,,,,,,,,,,,,,,,,,,,,,,,,,,,,,,,,,,
36.1,1: De,2: lift,3: in,4: de,5: trappenhal,6: bromt.,7: Dan,8: stopt,9: ze.,10: Geen,11: risico,12: nemen.,13: Ik,14: moet,15: weten,16: wat,17: daar,18: gebeurt.,19: Voorzichtig,20: naar,21: de,22: deur,23: sluipen.,24: Stemmen,25: in,26: de,27: trappenhal.,28: Mijn,29: rechteroog,30: loert,31: door,32: het,33: kleine,34: ronde,35: deurgaatje.,36: Twee,37: buurvrouwen.,38: `Kijk,39: ze,40: staat,41: daar,42: weer;,43: zegt,44: de,45: ene,46: vrouw,47: 'je,48: ziet,49: de,50: schaduw,51: van,52: haar,53: voeten,54: onder,55: de,56: deur.',57: Mijn,58: blik,59: glijdt,60: naar,61: de,62: tochtspleet,63: de,64: onbedekte,65: strook,66: tussen,67: de,68: onderkant,69: van,70: de,71: deur,72: en,73: de,74: drempel.,75: `Ze,76: staat,77: daar,78: dikwijls`,79: zegt,80: de,81: andere,82: vrouw,83: `vaak,84: als,85: ik,86: de,87: lift,88: neem.`,89: `Dat,90: mens,91: maakt,92: me,93: bang`,94: zegt,95: de,96: eerste,97: vrouw.,98: `Soms,99: neem,100: ik,101: de,102: trap,103: omdat,104: ik,105: niet,106: naar,107: de,108: lift,109: durf.`,,,,,,,,,,,,,,,,,,,,,,,,,,,,,,,,,,,,,,,,,,,,,,,,,,,,,,,,,,,,,,,,,,,,,,,,,,,,,,,
38.1,1: `Het,2: is,3: een,4: eng,5: wijf,6: zegt,7: de,8: eerste,9: vrouw,10: 'ze,11: verlaat,12: haar,13: flat,14: alleen,15: maar,16: om,17: naar,18: de,19: winkel,20: te,21: gaan,22: voor,23: kattenvoer.,24: Ze,25: praat,26: tegen,27: niemand.`,28: `Ze,29: woont,30: hier,31: helemaal,32: alleen,33: met,34: haar,35: siamese,36: kater`,37: zegt,38: de,39: eerste,40: stem.,41: Geschrokken,42: schuif,43: ik,44: weg,45: van,46: de,47: deur.,48: Mijn,49: scherpe,50: vingernagels,51: schrammen,52: mijn,53: knie√´n.,54: Op,55: handen,56: en,57: voeten,58: kruip,59: ik,60: onhoorbaar,61: naar,62: de,63: woonkamer.,64: Ondertussen,65: weet,66: ik,67: hoe,68: dat,69: moet.,70: Ik,71: ga,72: op,73: het,74: kussen,75: liggen,76: en,77: rol,78: mezelf,79: op.,80: Waarom,81: wilde,82: het,83: beest,84: dit,85: kussen,86: niet,87: met,88: me,89: delen?,90: Waarom,91: moest,92: ik,93: de,94: kater,95: eruit,96: gooien,97: om,98: deze,99: slaapplek,100: te,101: behouden,102: in,103: mijn,104: eigen,105: flat?,,,,,,,,,,,,,,,,,,,,,,,,,,,,,,,,,,,,,,,,,,,,,,,,,,,,,,,,,,,,,,,,,,,,,,,,,,,,,,,,,,,