StartDate,EndDate,Status,IPAddress,Progress,Duration (in seconds),Finished,RecordedDate,ResponseId,RecipientLastName,RecipientFirstName,RecipientEmail,ExternalReference,LocationLatitude,LocationLongitude,DistributionChannel,UserLanguage,Q1.2_Browser,Q1.2_Version,Q1.2_Operating System,Q1.2_Resolution,Q2.1,Q2.2,Q2.3_First Click,Q2.3_Last Click,Q2.3_Page Submit,Q2.3_Click Count,Q3.1_1,Q3.1_2,Q3.1_3,Q3.1_4,Q3.1_5,Q3.1_6,Q3.1_7,Q3.2_First Click,Q3.2_Last Click,Q3.2_Page Submit,Q3.2_Click Count,Q4.1,Q4.2,Q4.3_First Click,Q4.3_Last Click,Q4.3_Page Submit,Q4.3_Click Count,Q5.1_1,Q5.1_2,Q5.1_3,Q5.1_4,Q5.1_5,Q5.1_6,Q5.1_7,Q5.2_First Click,Q5.2_Last Click,Q5.2_Page Submit,Q5.2_Click Count,Q6.1,Q6.2,Q6.3_First Click,Q6.3_Last Click,Q6.3_Page Submit,Q6.3_Click Count,Q7.1_1,Q7.1_2,Q7.1_3,Q7.1_4,Q7.1_5,Q7.1_6,Q7.1_7,Q7.2_First Click,Q7.2_Last Click,Q7.2_Page Submit,Q7.2_Click Count,Q8.1,Q8.2,Q8.3_First Click,Q8.3_Last Click,Q8.3_Page Submit,Q8.3_Click Count,Q9.1_1,Q9.1_2,Q9.1_3,Q9.1_4,Q9.1_5,Q9.1_6,Q9.1_7,Q9.2_First Click,Q9.2_Last Click,Q9.2_Page Submit,Q9.2_Click Count,Q10.1,Q10.2,Q10.3_First Click,Q10.3_Last Click,Q10.3_Page Submit,Q10.3_Click Count,Q11.1_1,Q11.1_2,Q11.1_3,Q11.1_4,Q11.1_5,Q11.1_6,Q11.1_7,Q11.2_First Click,Q11.2_Last Click,Q11.2_Page Submit,Q11.2_Click Count,Q12.1,Q12.2,Q12.3_First Click,Q12.3_Last Click,Q12.3_Page Submit,Q12.3_Click Count,Q13.1_1,Q13.1_2,Q13.1_3,Q13.1_4,Q13.1_5,Q13.1_6,Q13.1_7,Q13.2_First Click,Q13.2_Last Click,Q13.2_Page Submit,Q13.2_Click Count,Q14.1,Q14.2,Q14.3_First Click,Q14.3_Last Click,Q14.3_Page Submit,Q14.3_Click Count,Q15.1_1,Q15.1_2,Q15.1_3,Q15.1_4,Q15.1_5,Q15.1_6,Q15.1_7,Q15.2_First Click,Q15.2_Last Click,Q15.2_Page Submit,Q15.2_Click Count,Q16.1,Q16.2,Q16.3_First Click,Q16.3_Last Click,Q16.3_Page Submit,Q16.3_Click Count,Q17.1_1,Q17.1_2,Q17.1_3,Q17.1_4,Q17.1_5,Q17.1_6,Q17.1_7,Q17.2_First Click,Q17.2_Last Click,Q17.2_Page Submit,Q17.2_Click Count,Q18.1_1,Q18.1_2,Q18.1_3,Q18.1_4,Q18.1_5,Q18.1_6,Q18.1_7,Q18.1_8,Q18.1_9,Q18.2_First Click,Q18.2_Last Click,Q18.2_Page Submit,Q18.2_Click Count,Q19.1_1,Q19.1_9,Q19.1_2,Q19.1_3,Q19.1_5,Q19.1_6,Q19.1_7,Q19.1_8,Q19.2_First Click,Q19.2_Last Click,Q19.2_Page Submit,Q19.2_Click Count,Q20.1_1,Q20.1_2,Q20.1_3,Q20.1_4,Q20.1_5,Q20.1_6,Q20.1_7,Q20.2_First Click,Q20.2_Last Click,Q20.2_Page Submit,Q20.2_Click Count,Q21.1_1,Q21.2,Q21.3,Q21.4_First Click,Q21.4_Last Click,Q21.4_Page Submit,Q21.4_Click Count
Start Date,End Date,Response Type,IP Address,Progress,Duration (in seconds),Finished,Recorded Date,Response ID,Recipient Last Name,Recipient First Name,Recipient Email,External Data Reference,Location Latitude,Location Longitude,Distribution Channel,User Language,Browser Meta Info - Browser,Browser Meta Info - Versie,Browser Meta Info - 1% - Besturingssysteem,Browser Meta Info - Resolutie,Luister alsjeblieft naar de volgende audio en beantwoord de vraag hieronder.,Wanneer krast de man op de muur?,Timing - Eerste klik,Timing - Laatste klik,Timing - 1% - Pagina Indienen,Timing - Aantal klikken,"Toen je naar het verhaal luisterde, voelde je misschien verschillende emoties om verschillende redenen (je leefde bijvoorbeeld mee met de hoofdrolspeler, de situatie leek spannend, of een bepaalde beschrijving of uitdrukking trof je).

 

Als je je alleen concentreert op de intensiteit van je emoties, beoordeel hoe geraakt je emotioneel was tijdens het luisteren naar het verhaal door met je muis over de relevante woorden te gaan en ze van 1 (volledig onaangedaan) tot 7 te beoordelen (voelde intense emotie). Je moet elk woord beoordelen (je kunt de woorden labelen als ""1"" als je geen emotie voelde).



Een voorbeeld kan er als volgt uitzien. - 1 (volledig onaangedaan)","Toen je naar het verhaal luisterde, voelde je misschien verschillende emoties om verschillende redenen (je leefde bijvoorbeeld mee met de hoofdrolspeler, de situatie leek spannend, of een bepaalde beschrijving of uitdrukking trof je).

 

Als je je alleen concentreert op de intensiteit van je emoties, beoordeel hoe geraakt je emotioneel was tijdens het luisteren naar het verhaal door met je muis over de relevante woorden te gaan en ze van 1 (volledig onaangedaan) tot 7 te beoordelen (voelde intense emotie). Je moet elk woord beoordelen (je kunt de woorden labelen als ""1"" als je geen emotie voelde).



Een voorbeeld kan er als volgt uitzien. - 2","Toen je naar het verhaal luisterde, voelde je misschien verschillende emoties om verschillende redenen (je leefde bijvoorbeeld mee met de hoofdrolspeler, de situatie leek spannend, of een bepaalde beschrijving of uitdrukking trof je).

 

Als je je alleen concentreert op de intensiteit van je emoties, beoordeel hoe geraakt je emotioneel was tijdens het luisteren naar het verhaal door met je muis over de relevante woorden te gaan en ze van 1 (volledig onaangedaan) tot 7 te beoordelen (voelde intense emotie). Je moet elk woord beoordelen (je kunt de woorden labelen als ""1"" als je geen emotie voelde).



Een voorbeeld kan er als volgt uitzien. - 3","Toen je naar het verhaal luisterde, voelde je misschien verschillende emoties om verschillende redenen (je leefde bijvoorbeeld mee met de hoofdrolspeler, de situatie leek spannend, of een bepaalde beschrijving of uitdrukking trof je).

 

Als je je alleen concentreert op de intensiteit van je emoties, beoordeel hoe geraakt je emotioneel was tijdens het luisteren naar het verhaal door met je muis over de relevante woorden te gaan en ze van 1 (volledig onaangedaan) tot 7 te beoordelen (voelde intense emotie). Je moet elk woord beoordelen (je kunt de woorden labelen als ""1"" als je geen emotie voelde).



Een voorbeeld kan er als volgt uitzien. - 4","Toen je naar het verhaal luisterde, voelde je misschien verschillende emoties om verschillende redenen (je leefde bijvoorbeeld mee met de hoofdrolspeler, de situatie leek spannend, of een bepaalde beschrijving of uitdrukking trof je).

 

Als je je alleen concentreert op de intensiteit van je emoties, beoordeel hoe geraakt je emotioneel was tijdens het luisteren naar het verhaal door met je muis over de relevante woorden te gaan en ze van 1 (volledig onaangedaan) tot 7 te beoordelen (voelde intense emotie). Je moet elk woord beoordelen (je kunt de woorden labelen als ""1"" als je geen emotie voelde).



Een voorbeeld kan er als volgt uitzien. - 5","Toen je naar het verhaal luisterde, voelde je misschien verschillende emoties om verschillende redenen (je leefde bijvoorbeeld mee met de hoofdrolspeler, de situatie leek spannend, of een bepaalde beschrijving of uitdrukking trof je).

 

Als je je alleen concentreert op de intensiteit van je emoties, beoordeel hoe geraakt je emotioneel was tijdens het luisteren naar het verhaal door met je muis over de relevante woorden te gaan en ze van 1 (volledig onaangedaan) tot 7 te beoordelen (voelde intense emotie). Je moet elk woord beoordelen (je kunt de woorden labelen als ""1"" als je geen emotie voelde).



Een voorbeeld kan er als volgt uitzien. - 6","Toen je naar het verhaal luisterde, voelde je misschien verschillende emoties om verschillende redenen (je leefde bijvoorbeeld mee met de hoofdrolspeler, de situatie leek spannend, of een bepaalde beschrijving of uitdrukking trof je).

 

Als je je alleen concentreert op de intensiteit van je emoties, beoordeel hoe geraakt je emotioneel was tijdens het luisteren naar het verhaal door met je muis over de relevante woorden te gaan en ze van 1 (volledig onaangedaan) tot 7 te beoordelen (voelde intense emotie). Je moet elk woord beoordelen (je kunt de woorden labelen als ""1"" als je geen emotie voelde).



Een voorbeeld kan er als volgt uitzien. - 7 (voelde intense emotie)",Timing - Eerste klik,Timing - Laatste klik,Timing - 1% - Pagina Indienen,Timing - Aantal klikken,Luister alsjeblieft naar de volgende audio en beantwoord de vraag hieronder.,Wat heeft het aanbellen met de man gedaan?,Timing - Eerste klik,Timing - Laatste klik,Timing - 1% - Pagina Indienen,Timing - Aantal klikken,"Toen je naar het verhaal luisterde, voelde je misschien verschillende emoties om verschillende redenen (je leefde bijvoorbeeld mee met de hoofdrolspeler, de situatie leek spannend, of een bepaalde beschrijving of uitdrukking trof je).

 

Als je je alleen concentreert op de intensiteit van je emoties, beoordeel hoe geraakt je emotioneel was tijdens het luisteren naar het verhaal door met je muis over de relevante woorden te gaan en ze van 1 (volledig onaangedaan) tot 7 te beoordelen (voelde intense emotie). Je moet elk woord beoordelen (je kunt de woorden labelen als ""1"" als je geen emotie voelde).



Een voorbeeld kan er als volgt uitzien. - 1 (volledig onaangedaan)","Toen je naar het verhaal luisterde, voelde je misschien verschillende emoties om verschillende redenen (je leefde bijvoorbeeld mee met de hoofdrolspeler, de situatie leek spannend, of een bepaalde beschrijving of uitdrukking trof je).

 

Als je je alleen concentreert op de intensiteit van je emoties, beoordeel hoe geraakt je emotioneel was tijdens het luisteren naar het verhaal door met je muis over de relevante woorden te gaan en ze van 1 (volledig onaangedaan) tot 7 te beoordelen (voelde intense emotie). Je moet elk woord beoordelen (je kunt de woorden labelen als ""1"" als je geen emotie voelde).



Een voorbeeld kan er als volgt uitzien. - 2","Toen je naar het verhaal luisterde, voelde je misschien verschillende emoties om verschillende redenen (je leefde bijvoorbeeld mee met de hoofdrolspeler, de situatie leek spannend, of een bepaalde beschrijving of uitdrukking trof je).

 

Als je je alleen concentreert op de intensiteit van je emoties, beoordeel hoe geraakt je emotioneel was tijdens het luisteren naar het verhaal door met je muis over de relevante woorden te gaan en ze van 1 (volledig onaangedaan) tot 7 te beoordelen (voelde intense emotie). Je moet elk woord beoordelen (je kunt de woorden labelen als ""1"" als je geen emotie voelde).



Een voorbeeld kan er als volgt uitzien. - 3","Toen je naar het verhaal luisterde, voelde je misschien verschillende emoties om verschillende redenen (je leefde bijvoorbeeld mee met de hoofdrolspeler, de situatie leek spannend, of een bepaalde beschrijving of uitdrukking trof je).

 

Als je je alleen concentreert op de intensiteit van je emoties, beoordeel hoe geraakt je emotioneel was tijdens het luisteren naar het verhaal door met je muis over de relevante woorden te gaan en ze van 1 (volledig onaangedaan) tot 7 te beoordelen (voelde intense emotie). Je moet elk woord beoordelen (je kunt de woorden labelen als ""1"" als je geen emotie voelde).



Een voorbeeld kan er als volgt uitzien. - 4","Toen je naar het verhaal luisterde, voelde je misschien verschillende emoties om verschillende redenen (je leefde bijvoorbeeld mee met de hoofdrolspeler, de situatie leek spannend, of een bepaalde beschrijving of uitdrukking trof je).

 

Als je je alleen concentreert op de intensiteit van je emoties, beoordeel hoe geraakt je emotioneel was tijdens het luisteren naar het verhaal door met je muis over de relevante woorden te gaan en ze van 1 (volledig onaangedaan) tot 7 te beoordelen (voelde intense emotie). Je moet elk woord beoordelen (je kunt de woorden labelen als ""1"" als je geen emotie voelde).



Een voorbeeld kan er als volgt uitzien. - 5","Toen je naar het verhaal luisterde, voelde je misschien verschillende emoties om verschillende redenen (je leefde bijvoorbeeld mee met de hoofdrolspeler, de situatie leek spannend, of een bepaalde beschrijving of uitdrukking trof je).

 

Als je je alleen concentreert op de intensiteit van je emoties, beoordeel hoe geraakt je emotioneel was tijdens het luisteren naar het verhaal door met je muis over de relevante woorden te gaan en ze van 1 (volledig onaangedaan) tot 7 te beoordelen (voelde intense emotie). Je moet elk woord beoordelen (je kunt de woorden labelen als ""1"" als je geen emotie voelde).



Een voorbeeld kan er als volgt uitzien. - 6","Toen je naar het verhaal luisterde, voelde je misschien verschillende emoties om verschillende redenen (je leefde bijvoorbeeld mee met de hoofdrolspeler, de situatie leek spannend, of een bepaalde beschrijving of uitdrukking trof je).

 

Als je je alleen concentreert op de intensiteit van je emoties, beoordeel hoe geraakt je emotioneel was tijdens het luisteren naar het verhaal door met je muis over de relevante woorden te gaan en ze van 1 (volledig onaangedaan) tot 7 te beoordelen (voelde intense emotie). Je moet elk woord beoordelen (je kunt de woorden labelen als ""1"" als je geen emotie voelde).



Een voorbeeld kan er als volgt uitzien. - 7 (voelde intense emotie)",Timing - Eerste klik,Timing - Laatste klik,Timing - 1% - Pagina Indienen,Timing - Aantal klikken,Luister alsjeblieft naar de volgende audio en beantwoord de vraag hieronder.,Waar heb ‘ik’ een slaappil ingenomen?,Timing - Eerste klik,Timing - Laatste klik,Timing - 1% - Pagina Indienen,Timing - Aantal klikken,"Toen je naar het verhaal luisterde, voelde je misschien verschillende emoties om verschillende redenen (je leefde bijvoorbeeld mee met de hoofdrolspeler, de situatie leek spannend, of een bepaalde beschrijving of uitdrukking trof je).
 Als je je alleen concentreert op de intensiteit van je emoties, beoordeel hoe geraakt je emotioneel was tijdens het luisteren naar het verhaal door met je muis over de relevante woorden te gaan en ze van 1 (volledig onaangedaan) tot 7 te beoordelen (voelde intense emotie). Je moet elk woord beoordelen (je kunt de woorden labelen als ""1"" als je geen emotie voelde). - 1 (volledig onaangedaan)","Toen je naar het verhaal luisterde, voelde je misschien verschillende emoties om verschillende redenen (je leefde bijvoorbeeld mee met de hoofdrolspeler, de situatie leek spannend, of een bepaalde beschrijving of uitdrukking trof je).
 Als je je alleen concentreert op de intensiteit van je emoties, beoordeel hoe geraakt je emotioneel was tijdens het luisteren naar het verhaal door met je muis over de relevante woorden te gaan en ze van 1 (volledig onaangedaan) tot 7 te beoordelen (voelde intense emotie). Je moet elk woord beoordelen (je kunt de woorden labelen als ""1"" als je geen emotie voelde). - 2","Toen je naar het verhaal luisterde, voelde je misschien verschillende emoties om verschillende redenen (je leefde bijvoorbeeld mee met de hoofdrolspeler, de situatie leek spannend, of een bepaalde beschrijving of uitdrukking trof je).
 Als je je alleen concentreert op de intensiteit van je emoties, beoordeel hoe geraakt je emotioneel was tijdens het luisteren naar het verhaal door met je muis over de relevante woorden te gaan en ze van 1 (volledig onaangedaan) tot 7 te beoordelen (voelde intense emotie). Je moet elk woord beoordelen (je kunt de woorden labelen als ""1"" als je geen emotie voelde). - 3","Toen je naar het verhaal luisterde, voelde je misschien verschillende emoties om verschillende redenen (je leefde bijvoorbeeld mee met de hoofdrolspeler, de situatie leek spannend, of een bepaalde beschrijving of uitdrukking trof je).
 Als je je alleen concentreert op de intensiteit van je emoties, beoordeel hoe geraakt je emotioneel was tijdens het luisteren naar het verhaal door met je muis over de relevante woorden te gaan en ze van 1 (volledig onaangedaan) tot 7 te beoordelen (voelde intense emotie). Je moet elk woord beoordelen (je kunt de woorden labelen als ""1"" als je geen emotie voelde). - 4","Toen je naar het verhaal luisterde, voelde je misschien verschillende emoties om verschillende redenen (je leefde bijvoorbeeld mee met de hoofdrolspeler, de situatie leek spannend, of een bepaalde beschrijving of uitdrukking trof je).
 Als je je alleen concentreert op de intensiteit van je emoties, beoordeel hoe geraakt je emotioneel was tijdens het luisteren naar het verhaal door met je muis over de relevante woorden te gaan en ze van 1 (volledig onaangedaan) tot 7 te beoordelen (voelde intense emotie). Je moet elk woord beoordelen (je kunt de woorden labelen als ""1"" als je geen emotie voelde). - 5","Toen je naar het verhaal luisterde, voelde je misschien verschillende emoties om verschillende redenen (je leefde bijvoorbeeld mee met de hoofdrolspeler, de situatie leek spannend, of een bepaalde beschrijving of uitdrukking trof je).
 Als je je alleen concentreert op de intensiteit van je emoties, beoordeel hoe geraakt je emotioneel was tijdens het luisteren naar het verhaal door met je muis over de relevante woorden te gaan en ze van 1 (volledig onaangedaan) tot 7 te beoordelen (voelde intense emotie). Je moet elk woord beoordelen (je kunt de woorden labelen als ""1"" als je geen emotie voelde). - 6","Toen je naar het verhaal luisterde, voelde je misschien verschillende emoties om verschillende redenen (je leefde bijvoorbeeld mee met de hoofdrolspeler, de situatie leek spannend, of een bepaalde beschrijving of uitdrukking trof je).
 Als je je alleen concentreert op de intensiteit van je emoties, beoordeel hoe geraakt je emotioneel was tijdens het luisteren naar het verhaal door met je muis over de relevante woorden te gaan en ze van 1 (volledig onaangedaan) tot 7 te beoordelen (voelde intense emotie). Je moet elk woord beoordelen (je kunt de woorden labelen als ""1"" als je geen emotie voelde). - 7 (voelde intense emotie)",Timing - Eerste klik,Timing - Laatste klik,Timing - 1% - Pagina Indienen,Timing - Aantal klikken,Luister alsjeblieft naar de volgende audio en beantwoord de vraag hieronder.,Wat vroeg ‘ik’ me af om drie uur ’s nachts?,Timing - Eerste klik,Timing - Laatste klik,Timing - 1% - Pagina Indienen,Timing - Aantal klikken,"Toen je naar het verhaal luisterde, voelde je misschien verschillende emoties om verschillende redenen (je leefde bijvoorbeeld mee met de hoofdrolspeler, de situatie leek spannend, of een bepaalde beschrijving of uitdrukking trof je).
 Als je je alleen concentreert op de intensiteit van je emoties, beoordeel hoe geraakt je emotioneel was tijdens het luisteren naar het verhaal door met je muis over de relevante woorden te gaan en ze van 1 (volledig onaangedaan) tot 7 te beoordelen (voelde intense emotie). Je moet elk woord beoordelen (je kunt de woorden labelen als ""1"" als je geen emotie voelde). - 1 (volledig onaangedaan)","Toen je naar het verhaal luisterde, voelde je misschien verschillende emoties om verschillende redenen (je leefde bijvoorbeeld mee met de hoofdrolspeler, de situatie leek spannend, of een bepaalde beschrijving of uitdrukking trof je).
 Als je je alleen concentreert op de intensiteit van je emoties, beoordeel hoe geraakt je emotioneel was tijdens het luisteren naar het verhaal door met je muis over de relevante woorden te gaan en ze van 1 (volledig onaangedaan) tot 7 te beoordelen (voelde intense emotie). Je moet elk woord beoordelen (je kunt de woorden labelen als ""1"" als je geen emotie voelde). - 2","Toen je naar het verhaal luisterde, voelde je misschien verschillende emoties om verschillende redenen (je leefde bijvoorbeeld mee met de hoofdrolspeler, de situatie leek spannend, of een bepaalde beschrijving of uitdrukking trof je).
 Als je je alleen concentreert op de intensiteit van je emoties, beoordeel hoe geraakt je emotioneel was tijdens het luisteren naar het verhaal door met je muis over de relevante woorden te gaan en ze van 1 (volledig onaangedaan) tot 7 te beoordelen (voelde intense emotie). Je moet elk woord beoordelen (je kunt de woorden labelen als ""1"" als je geen emotie voelde). - 3","Toen je naar het verhaal luisterde, voelde je misschien verschillende emoties om verschillende redenen (je leefde bijvoorbeeld mee met de hoofdrolspeler, de situatie leek spannend, of een bepaalde beschrijving of uitdrukking trof je).
 Als je je alleen concentreert op de intensiteit van je emoties, beoordeel hoe geraakt je emotioneel was tijdens het luisteren naar het verhaal door met je muis over de relevante woorden te gaan en ze van 1 (volledig onaangedaan) tot 7 te beoordelen (voelde intense emotie). Je moet elk woord beoordelen (je kunt de woorden labelen als ""1"" als je geen emotie voelde). - 4","Toen je naar het verhaal luisterde, voelde je misschien verschillende emoties om verschillende redenen (je leefde bijvoorbeeld mee met de hoofdrolspeler, de situatie leek spannend, of een bepaalde beschrijving of uitdrukking trof je).
 Als je je alleen concentreert op de intensiteit van je emoties, beoordeel hoe geraakt je emotioneel was tijdens het luisteren naar het verhaal door met je muis over de relevante woorden te gaan en ze van 1 (volledig onaangedaan) tot 7 te beoordelen (voelde intense emotie). Je moet elk woord beoordelen (je kunt de woorden labelen als ""1"" als je geen emotie voelde). - 5","Toen je naar het verhaal luisterde, voelde je misschien verschillende emoties om verschillende redenen (je leefde bijvoorbeeld mee met de hoofdrolspeler, de situatie leek spannend, of een bepaalde beschrijving of uitdrukking trof je).
 Als je je alleen concentreert op de intensiteit van je emoties, beoordeel hoe geraakt je emotioneel was tijdens het luisteren naar het verhaal door met je muis over de relevante woorden te gaan en ze van 1 (volledig onaangedaan) tot 7 te beoordelen (voelde intense emotie). Je moet elk woord beoordelen (je kunt de woorden labelen als ""1"" als je geen emotie voelde). - 6","Toen je naar het verhaal luisterde, voelde je misschien verschillende emoties om verschillende redenen (je leefde bijvoorbeeld mee met de hoofdrolspeler, de situatie leek spannend, of een bepaalde beschrijving of uitdrukking trof je).
 Als je je alleen concentreert op de intensiteit van je emoties, beoordeel hoe geraakt je emotioneel was tijdens het luisteren naar het verhaal door met je muis over de relevante woorden te gaan en ze van 1 (volledig onaangedaan) tot 7 te beoordelen (voelde intense emotie). Je moet elk woord beoordelen (je kunt de woorden labelen als ""1"" als je geen emotie voelde). - 7 (voelde intense emotie)",Timing - Eerste klik,Timing - Laatste klik,Timing - 1% - Pagina Indienen,Timing - Aantal klikken,Luister alsjeblieft naar de volgende audio en beantwoord de vraag hieronder.,Wat claxonneert op straat?,Timing - Eerste klik,Timing - Laatste klik,Timing - 1% - Pagina Indienen,Timing - Aantal klikken,"Toen je naar het verhaal luisterde, voelde je misschien verschillende emoties om verschillende redenen (je leefde bijvoorbeeld mee met de hoofdrolspeler, de situatie leek spannend, of een bepaalde beschrijving of uitdrukking trof je).
 Als je je alleen concentreert op de intensiteit van je emoties, beoordeel hoe geraakt je emotioneel was tijdens het luisteren naar het verhaal door met je muis over de relevante woorden te gaan en ze van 1 (volledig onaangedaan) tot 7 te beoordelen (voelde intense emotie). Je moet elk woord beoordelen (je kunt de woorden labelen als ""1"" als je geen emotie voelde). - 1 (volledig onaangedaan)","Toen je naar het verhaal luisterde, voelde je misschien verschillende emoties om verschillende redenen (je leefde bijvoorbeeld mee met de hoofdrolspeler, de situatie leek spannend, of een bepaalde beschrijving of uitdrukking trof je).
 Als je je alleen concentreert op de intensiteit van je emoties, beoordeel hoe geraakt je emotioneel was tijdens het luisteren naar het verhaal door met je muis over de relevante woorden te gaan en ze van 1 (volledig onaangedaan) tot 7 te beoordelen (voelde intense emotie). Je moet elk woord beoordelen (je kunt de woorden labelen als ""1"" als je geen emotie voelde). - 2","Toen je naar het verhaal luisterde, voelde je misschien verschillende emoties om verschillende redenen (je leefde bijvoorbeeld mee met de hoofdrolspeler, de situatie leek spannend, of een bepaalde beschrijving of uitdrukking trof je).
 Als je je alleen concentreert op de intensiteit van je emoties, beoordeel hoe geraakt je emotioneel was tijdens het luisteren naar het verhaal door met je muis over de relevante woorden te gaan en ze van 1 (volledig onaangedaan) tot 7 te beoordelen (voelde intense emotie). Je moet elk woord beoordelen (je kunt de woorden labelen als ""1"" als je geen emotie voelde). - 3","Toen je naar het verhaal luisterde, voelde je misschien verschillende emoties om verschillende redenen (je leefde bijvoorbeeld mee met de hoofdrolspeler, de situatie leek spannend, of een bepaalde beschrijving of uitdrukking trof je).
 Als je je alleen concentreert op de intensiteit van je emoties, beoordeel hoe geraakt je emotioneel was tijdens het luisteren naar het verhaal door met je muis over de relevante woorden te gaan en ze van 1 (volledig onaangedaan) tot 7 te beoordelen (voelde intense emotie). Je moet elk woord beoordelen (je kunt de woorden labelen als ""1"" als je geen emotie voelde). - 4","Toen je naar het verhaal luisterde, voelde je misschien verschillende emoties om verschillende redenen (je leefde bijvoorbeeld mee met de hoofdrolspeler, de situatie leek spannend, of een bepaalde beschrijving of uitdrukking trof je).
 Als je je alleen concentreert op de intensiteit van je emoties, beoordeel hoe geraakt je emotioneel was tijdens het luisteren naar het verhaal door met je muis over de relevante woorden te gaan en ze van 1 (volledig onaangedaan) tot 7 te beoordelen (voelde intense emotie). Je moet elk woord beoordelen (je kunt de woorden labelen als ""1"" als je geen emotie voelde). - 5","Toen je naar het verhaal luisterde, voelde je misschien verschillende emoties om verschillende redenen (je leefde bijvoorbeeld mee met de hoofdrolspeler, de situatie leek spannend, of een bepaalde beschrijving of uitdrukking trof je).
 Als je je alleen concentreert op de intensiteit van je emoties, beoordeel hoe geraakt je emotioneel was tijdens het luisteren naar het verhaal door met je muis over de relevante woorden te gaan en ze van 1 (volledig onaangedaan) tot 7 te beoordelen (voelde intense emotie). Je moet elk woord beoordelen (je kunt de woorden labelen als ""1"" als je geen emotie voelde). - 6","Toen je naar het verhaal luisterde, voelde je misschien verschillende emoties om verschillende redenen (je leefde bijvoorbeeld mee met de hoofdrolspeler, de situatie leek spannend, of een bepaalde beschrijving of uitdrukking trof je).
 Als je je alleen concentreert op de intensiteit van je emoties, beoordeel hoe geraakt je emotioneel was tijdens het luisteren naar het verhaal door met je muis over de relevante woorden te gaan en ze van 1 (volledig onaangedaan) tot 7 te beoordelen (voelde intense emotie). Je moet elk woord beoordelen (je kunt de woorden labelen als ""1"" als je geen emotie voelde). - 7 (voelde intense emotie)",Timing - Eerste klik,Timing - Laatste klik,Timing - 1% - Pagina Indienen,Timing - Aantal klikken,Luister alsjeblieft naar de volgende audio en beantwoord de vraag hieronder.,Wat doe ‘ik’ nadat ik naar de keuken strompel?,Timing - Eerste klik,Timing - Laatste klik,Timing - 1% - Pagina Indienen,Timing - Aantal klikken,"Toen je naar het verhaal luisterde, voelde je misschien verschillende emoties om verschillende redenen (je leefde bijvoorbeeld mee met de hoofdrolspeler, de situatie leek spannend, of een bepaalde beschrijving of uitdrukking trof je).
 Als je je alleen concentreert op de intensiteit van je emoties, beoordeel hoe geraakt je emotioneel was tijdens het luisteren naar het verhaal door met je muis over de relevante woorden te gaan en ze van 1 (volledig onaangedaan) tot 7 te beoordelen (voelde intense emotie). Je moet elk woord beoordelen (je kunt de woorden labelen als ""1"" als je geen emotie voelde). - 1 (volledig onaangedaan)","Toen je naar het verhaal luisterde, voelde je misschien verschillende emoties om verschillende redenen (je leefde bijvoorbeeld mee met de hoofdrolspeler, de situatie leek spannend, of een bepaalde beschrijving of uitdrukking trof je).
 Als je je alleen concentreert op de intensiteit van je emoties, beoordeel hoe geraakt je emotioneel was tijdens het luisteren naar het verhaal door met je muis over de relevante woorden te gaan en ze van 1 (volledig onaangedaan) tot 7 te beoordelen (voelde intense emotie). Je moet elk woord beoordelen (je kunt de woorden labelen als ""1"" als je geen emotie voelde). - 2","Toen je naar het verhaal luisterde, voelde je misschien verschillende emoties om verschillende redenen (je leefde bijvoorbeeld mee met de hoofdrolspeler, de situatie leek spannend, of een bepaalde beschrijving of uitdrukking trof je).
 Als je je alleen concentreert op de intensiteit van je emoties, beoordeel hoe geraakt je emotioneel was tijdens het luisteren naar het verhaal door met je muis over de relevante woorden te gaan en ze van 1 (volledig onaangedaan) tot 7 te beoordelen (voelde intense emotie). Je moet elk woord beoordelen (je kunt de woorden labelen als ""1"" als je geen emotie voelde). - 3","Toen je naar het verhaal luisterde, voelde je misschien verschillende emoties om verschillende redenen (je leefde bijvoorbeeld mee met de hoofdrolspeler, de situatie leek spannend, of een bepaalde beschrijving of uitdrukking trof je).
 Als je je alleen concentreert op de intensiteit van je emoties, beoordeel hoe geraakt je emotioneel was tijdens het luisteren naar het verhaal door met je muis over de relevante woorden te gaan en ze van 1 (volledig onaangedaan) tot 7 te beoordelen (voelde intense emotie). Je moet elk woord beoordelen (je kunt de woorden labelen als ""1"" als je geen emotie voelde). - 4","Toen je naar het verhaal luisterde, voelde je misschien verschillende emoties om verschillende redenen (je leefde bijvoorbeeld mee met de hoofdrolspeler, de situatie leek spannend, of een bepaalde beschrijving of uitdrukking trof je).
 Als je je alleen concentreert op de intensiteit van je emoties, beoordeel hoe geraakt je emotioneel was tijdens het luisteren naar het verhaal door met je muis over de relevante woorden te gaan en ze van 1 (volledig onaangedaan) tot 7 te beoordelen (voelde intense emotie). Je moet elk woord beoordelen (je kunt de woorden labelen als ""1"" als je geen emotie voelde). - 5","Toen je naar het verhaal luisterde, voelde je misschien verschillende emoties om verschillende redenen (je leefde bijvoorbeeld mee met de hoofdrolspeler, de situatie leek spannend, of een bepaalde beschrijving of uitdrukking trof je).
 Als je je alleen concentreert op de intensiteit van je emoties, beoordeel hoe geraakt je emotioneel was tijdens het luisteren naar het verhaal door met je muis over de relevante woorden te gaan en ze van 1 (volledig onaangedaan) tot 7 te beoordelen (voelde intense emotie). Je moet elk woord beoordelen (je kunt de woorden labelen als ""1"" als je geen emotie voelde). - 6","Toen je naar het verhaal luisterde, voelde je misschien verschillende emoties om verschillende redenen (je leefde bijvoorbeeld mee met de hoofdrolspeler, de situatie leek spannend, of een bepaalde beschrijving of uitdrukking trof je).
 Als je je alleen concentreert op de intensiteit van je emoties, beoordeel hoe geraakt je emotioneel was tijdens het luisteren naar het verhaal door met je muis over de relevante woorden te gaan en ze van 1 (volledig onaangedaan) tot 7 te beoordelen (voelde intense emotie). Je moet elk woord beoordelen (je kunt de woorden labelen als ""1"" als je geen emotie voelde). - 7 (voelde intense emotie)",Timing - Eerste klik,Timing - Laatste klik,Timing - 1% - Pagina Indienen,Timing - Aantal klikken,Luister alsjeblieft naar de volgende audio en beantwoord de vraag hieronder.,Wat doet de vrouw soms vanwege ‘mij’?,Timing - Eerste klik,Timing - Laatste klik,Timing - 1% - Pagina Indienen,Timing - Aantal klikken,"Toen je naar het verhaal luisterde, voelde je misschien verschillende emoties om verschillende redenen (je leefde bijvoorbeeld mee met de hoofdrolspeler, de situatie leek spannend, of een bepaalde beschrijving of uitdrukking trof je).
 Als je je alleen concentreert op de intensiteit van je emoties, beoordeel hoe geraakt je emotioneel was tijdens het luisteren naar het verhaal door met je muis over de relevante woorden te gaan en ze van 1 (volledig onaangedaan) tot 7 te beoordelen (voelde intense emotie). Je moet elk woord beoordelen (je kunt de woorden labelen als ""1"" als je geen emotie voelde). - 1 (volledig onaangedaan)","Toen je naar het verhaal luisterde, voelde je misschien verschillende emoties om verschillende redenen (je leefde bijvoorbeeld mee met de hoofdrolspeler, de situatie leek spannend, of een bepaalde beschrijving of uitdrukking trof je).
 Als je je alleen concentreert op de intensiteit van je emoties, beoordeel hoe geraakt je emotioneel was tijdens het luisteren naar het verhaal door met je muis over de relevante woorden te gaan en ze van 1 (volledig onaangedaan) tot 7 te beoordelen (voelde intense emotie). Je moet elk woord beoordelen (je kunt de woorden labelen als ""1"" als je geen emotie voelde). - 2","Toen je naar het verhaal luisterde, voelde je misschien verschillende emoties om verschillende redenen (je leefde bijvoorbeeld mee met de hoofdrolspeler, de situatie leek spannend, of een bepaalde beschrijving of uitdrukking trof je).
 Als je je alleen concentreert op de intensiteit van je emoties, beoordeel hoe geraakt je emotioneel was tijdens het luisteren naar het verhaal door met je muis over de relevante woorden te gaan en ze van 1 (volledig onaangedaan) tot 7 te beoordelen (voelde intense emotie). Je moet elk woord beoordelen (je kunt de woorden labelen als ""1"" als je geen emotie voelde). - 3","Toen je naar het verhaal luisterde, voelde je misschien verschillende emoties om verschillende redenen (je leefde bijvoorbeeld mee met de hoofdrolspeler, de situatie leek spannend, of een bepaalde beschrijving of uitdrukking trof je).
 Als je je alleen concentreert op de intensiteit van je emoties, beoordeel hoe geraakt je emotioneel was tijdens het luisteren naar het verhaal door met je muis over de relevante woorden te gaan en ze van 1 (volledig onaangedaan) tot 7 te beoordelen (voelde intense emotie). Je moet elk woord beoordelen (je kunt de woorden labelen als ""1"" als je geen emotie voelde). - 4","Toen je naar het verhaal luisterde, voelde je misschien verschillende emoties om verschillende redenen (je leefde bijvoorbeeld mee met de hoofdrolspeler, de situatie leek spannend, of een bepaalde beschrijving of uitdrukking trof je).
 Als je je alleen concentreert op de intensiteit van je emoties, beoordeel hoe geraakt je emotioneel was tijdens het luisteren naar het verhaal door met je muis over de relevante woorden te gaan en ze van 1 (volledig onaangedaan) tot 7 te beoordelen (voelde intense emotie). Je moet elk woord beoordelen (je kunt de woorden labelen als ""1"" als je geen emotie voelde). - 5","Toen je naar het verhaal luisterde, voelde je misschien verschillende emoties om verschillende redenen (je leefde bijvoorbeeld mee met de hoofdrolspeler, de situatie leek spannend, of een bepaalde beschrijving of uitdrukking trof je).
 Als je je alleen concentreert op de intensiteit van je emoties, beoordeel hoe geraakt je emotioneel was tijdens het luisteren naar het verhaal door met je muis over de relevante woorden te gaan en ze van 1 (volledig onaangedaan) tot 7 te beoordelen (voelde intense emotie). Je moet elk woord beoordelen (je kunt de woorden labelen als ""1"" als je geen emotie voelde). - 6","Toen je naar het verhaal luisterde, voelde je misschien verschillende emoties om verschillende redenen (je leefde bijvoorbeeld mee met de hoofdrolspeler, de situatie leek spannend, of een bepaalde beschrijving of uitdrukking trof je).
 Als je je alleen concentreert op de intensiteit van je emoties, beoordeel hoe geraakt je emotioneel was tijdens het luisteren naar het verhaal door met je muis over de relevante woorden te gaan en ze van 1 (volledig onaangedaan) tot 7 te beoordelen (voelde intense emotie). Je moet elk woord beoordelen (je kunt de woorden labelen als ""1"" als je geen emotie voelde). - 7 (voelde intense emotie)",Timing - Eerste klik,Timing - Laatste klik,Timing - 1% - Pagina Indienen,Timing - Aantal klikken,Luister alsjeblieft naar de volgende audio en beantwoord de vraag hieronder.,Wat heeft de kat gedaan?,Timing - Eerste klik,Timing - Laatste klik,Timing - 1% - Pagina Indienen,Timing - Aantal klikken,"Toen je naar het verhaal luisterde, voelde je misschien verschillende emoties om verschillende redenen (je leefde bijvoorbeeld mee met de hoofdrolspeler, de situatie leek spannend, of een bepaalde beschrijving of uitdrukking trof je).
 Als je je alleen concentreert op de intensiteit van je emoties, beoordeel hoe geraakt je emotioneel was tijdens het luisteren naar het verhaal door met je muis over de relevante woorden te gaan en ze van 1 (volledig onaangedaan) tot 7 te beoordelen (voelde intense emotie). Je moet elk woord beoordelen (je kunt de woorden labelen als ""1"" als je geen emotie voelde). - 1 (volledig onaangedaan)","Toen je naar het verhaal luisterde, voelde je misschien verschillende emoties om verschillende redenen (je leefde bijvoorbeeld mee met de hoofdrolspeler, de situatie leek spannend, of een bepaalde beschrijving of uitdrukking trof je).
 Als je je alleen concentreert op de intensiteit van je emoties, beoordeel hoe geraakt je emotioneel was tijdens het luisteren naar het verhaal door met je muis over de relevante woorden te gaan en ze van 1 (volledig onaangedaan) tot 7 te beoordelen (voelde intense emotie). Je moet elk woord beoordelen (je kunt de woorden labelen als ""1"" als je geen emotie voelde). - 2","Toen je naar het verhaal luisterde, voelde je misschien verschillende emoties om verschillende redenen (je leefde bijvoorbeeld mee met de hoofdrolspeler, de situatie leek spannend, of een bepaalde beschrijving of uitdrukking trof je).
 Als je je alleen concentreert op de intensiteit van je emoties, beoordeel hoe geraakt je emotioneel was tijdens het luisteren naar het verhaal door met je muis over de relevante woorden te gaan en ze van 1 (volledig onaangedaan) tot 7 te beoordelen (voelde intense emotie). Je moet elk woord beoordelen (je kunt de woorden labelen als ""1"" als je geen emotie voelde). - 3","Toen je naar het verhaal luisterde, voelde je misschien verschillende emoties om verschillende redenen (je leefde bijvoorbeeld mee met de hoofdrolspeler, de situatie leek spannend, of een bepaalde beschrijving of uitdrukking trof je).
 Als je je alleen concentreert op de intensiteit van je emoties, beoordeel hoe geraakt je emotioneel was tijdens het luisteren naar het verhaal door met je muis over de relevante woorden te gaan en ze van 1 (volledig onaangedaan) tot 7 te beoordelen (voelde intense emotie). Je moet elk woord beoordelen (je kunt de woorden labelen als ""1"" als je geen emotie voelde). - 4","Toen je naar het verhaal luisterde, voelde je misschien verschillende emoties om verschillende redenen (je leefde bijvoorbeeld mee met de hoofdrolspeler, de situatie leek spannend, of een bepaalde beschrijving of uitdrukking trof je).
 Als je je alleen concentreert op de intensiteit van je emoties, beoordeel hoe geraakt je emotioneel was tijdens het luisteren naar het verhaal door met je muis over de relevante woorden te gaan en ze van 1 (volledig onaangedaan) tot 7 te beoordelen (voelde intense emotie). Je moet elk woord beoordelen (je kunt de woorden labelen als ""1"" als je geen emotie voelde). - 5","Toen je naar het verhaal luisterde, voelde je misschien verschillende emoties om verschillende redenen (je leefde bijvoorbeeld mee met de hoofdrolspeler, de situatie leek spannend, of een bepaalde beschrijving of uitdrukking trof je).
 Als je je alleen concentreert op de intensiteit van je emoties, beoordeel hoe geraakt je emotioneel was tijdens het luisteren naar het verhaal door met je muis over de relevante woorden te gaan en ze van 1 (volledig onaangedaan) tot 7 te beoordelen (voelde intense emotie). Je moet elk woord beoordelen (je kunt de woorden labelen als ""1"" als je geen emotie voelde). - 6","Toen je naar het verhaal luisterde, voelde je misschien verschillende emoties om verschillende redenen (je leefde bijvoorbeeld mee met de hoofdrolspeler, de situatie leek spannend, of een bepaalde beschrijving of uitdrukking trof je).
 Als je je alleen concentreert op de intensiteit van je emoties, beoordeel hoe geraakt je emotioneel was tijdens het luisteren naar het verhaal door met je muis over de relevante woorden te gaan en ze van 1 (volledig onaangedaan) tot 7 te beoordelen (voelde intense emotie). Je moet elk woord beoordelen (je kunt de woorden labelen als ""1"" als je geen emotie voelde). - 7 (voelde intense emotie)",Timing - Eerste klik,Timing - Laatste klik,Timing - 1% - Pagina Indienen,Timing - Aantal klikken,"Wat vind je van dit verhaal? 
Ik vind dit verhaal ... - interessant","Wat vind je van dit verhaal? 
Ik vind dit verhaal ... - goed geschreven","Wat vind je van dit verhaal? 
Ik vind dit verhaal ... - van hoge (literaire) kwaliteit","Wat vind je van dit verhaal? 
Ik vind dit verhaal ... - makkelijk te begrijpen","Wat vind je van dit verhaal? 
Ik vind dit verhaal ... - toegankelijk","Wat vind je van dit verhaal? 
Ik vind dit verhaal ... - spannend","Wat vind je van dit verhaal? 
Ik vind dit verhaal ... - mooi","Wat vind je van dit verhaal? 
Ik vind dit verhaal ... - boeiend","Wat vind je van dit verhaal? 
Ik vind dit verhaal ... - saai",Timing - Eerste klik,Timing - Laatste klik,Timing - 1% - Pagina Indienen,Timing - Aantal klikken,Beoordeel je ervaring tijdens het luisteren naar het verhaal met behulp van de volgende stellingen. - Soms had ik het gevoel door de ogen van de hoofdpersoon te kunnen zien.,Beoordeel je ervaring tijdens het luisteren naar het verhaal met behulp van de volgende stellingen. - Tijdens het lezen zag ik situaties die beschreven werden voor me alsof ik zelf daar was.,Beoordeel je ervaring tijdens het luisteren naar het verhaal met behulp van de volgende stellingen. - Soms had ik het gevoel zelf in de omgeving waarin het verhaal zich afspeelt te zijn.,Beoordeel je ervaring tijdens het luisteren naar het verhaal met behulp van de volgende stellingen. - Soms zag ik de omgeving waarin het verhaal zich afspeelt voor me.,Beoordeel je ervaring tijdens het luisteren naar het verhaal met behulp van de volgende stellingen. - Tijdens het lezen zag ik situaties die beschreven werden voor me alsof ik een stille toeschouwer was.,Beoordeel je ervaring tijdens het luisteren naar het verhaal met behulp van de volgende stellingen. - Tijdens het lezen van dit verhaal zag ik een beeld van de hoofdpersoon voor me.,Beoordeel je ervaring tijdens het luisteren naar het verhaal met behulp van de volgende stellingen. - Ik voelde mij zoals de hoofdpersoon zich voelde.,Beoordeel je ervaring tijdens het luisteren naar het verhaal met behulp van de volgende stellingen. - Ik kon mezelf inleven in de personages.,Timing - Eerste klik,Timing - Laatste klik,Timing - 1% - Pagina Indienen,Timing - Aantal klikken,Beoordeel je ervaring tijdens het luisteren naar het verhaal met behulp van de volgende stellingen. - Ik leefde met de hoofdpersoon mee.,Beoordeel je ervaring tijdens het luisteren naar het verhaal met behulp van de volgende stellingen. - Ik deelde de emoties van de hoofdpersoon.,Beoordeel je ervaring tijdens het luisteren naar het verhaal met behulp van de volgende stellingen. - Ik had medelijden met de hoofdpersoon,Beoordeel je ervaring tijdens het luisteren naar het verhaal met behulp van de volgende stellingen. - Ik kon me tijdens het lezen voorstellen hoe het zou voelen om in de schoenen van de hoofdpersoon te staan.,Beoordeel je ervaring tijdens het luisteren naar het verhaal met behulp van de volgende stellingen. - Ik wist precies welke emoties de personages ervaarden.,Beoordeel je ervaring tijdens het luisteren naar het verhaal met behulp van de volgende stellingen. - Ik kon me voorstellen hoe de hoofdpersoon zich voelde.,Beoordeel je ervaring tijdens het luisteren naar het verhaal met behulp van de volgende stellingen. - Ik begreep hoe de hoofdpersoon zich voelde.,Timing - Eerste klik,Timing - Laatste klik,Timing - 1% - Pagina Indienen,Timing - Aantal klikken,Q21.1 - Lees je graag fictie?,Hoeveel romans heb je afgelopen jaar gelezen?,Hoe vaak lees je fictie?,Timing - Eerste klik,Timing - Laatste klik,Timing - 1% - Pagina Indienen,Timing - Aantal klikken
"{""ImportId"":""startDate"",""timeZone"":""America/Denver""}","{""ImportId"":""endDate"",""timeZone"":""America/Denver""}","{""ImportId"":""status""}","{""ImportId"":""ipAddress""}","{""ImportId"":""progress""}","{""ImportId"":""duration""}","{""ImportId"":""finished""}","{""ImportId"":""recordedDate"",""timeZone"":""America/Denver""}","{""ImportId"":""_recordId""}","{""ImportId"":""recipientLastName""}","{""ImportId"":""recipientFirstName""}","{""ImportId"":""recipientEmail""}","{""ImportId"":""externalDataReference""}","{""ImportId"":""locationLatitude""}","{""ImportId"":""locationLongitude""}","{""ImportId"":""distributionChannel""}","{""ImportId"":""userLanguage""}","{""ImportId"":""QID9_BROWSER""}","{""ImportId"":""QID9_VERSION""}","{""ImportId"":""QID9_OS""}","{""ImportId"":""QID9_RESOLUTION""}","{""ImportId"":""QID12""}","{""ImportId"":""QID51""}","{""ImportId"":""QID53_FIRST_CLICK""}","{""ImportId"":""QID53_LAST_CLICK""}","{""ImportId"":""QID53_PAGE_SUBMIT""}","{""ImportId"":""QID53_CLICK_COUNT""}","{""ImportId"":""QID1_1""}","{""ImportId"":""QID1_2""}","{""ImportId"":""QID1_3""}","{""ImportId"":""QID1_4""}","{""ImportId"":""QID1_5""}","{""ImportId"":""QID1_6""}","{""ImportId"":""QID1_7""}","{""ImportId"":""QID54_FIRST_CLICK""}","{""ImportId"":""QID54_LAST_CLICK""}","{""ImportId"":""QID54_PAGE_SUBMIT""}","{""ImportId"":""QID54_CLICK_COUNT""}","{""ImportId"":""QID37""}","{""ImportId"":""QID58""}","{""ImportId"":""QID65_FIRST_CLICK""}","{""ImportId"":""QID65_LAST_CLICK""}","{""ImportId"":""QID65_PAGE_SUBMIT""}","{""ImportId"":""QID65_CLICK_COUNT""}","{""ImportId"":""QID17_1""}","{""ImportId"":""QID17_2""}","{""ImportId"":""QID17_3""}","{""ImportId"":""QID17_4""}","{""ImportId"":""QID17_5""}","{""ImportId"":""QID17_6""}","{""ImportId"":""QID17_7""}","{""ImportId"":""QID72_FIRST_CLICK""}","{""ImportId"":""QID72_LAST_CLICK""}","{""ImportId"":""QID72_PAGE_SUBMIT""}","{""ImportId"":""QID72_CLICK_COUNT""}","{""ImportId"":""QID38""}","{""ImportId"":""QID59""}","{""ImportId"":""QID66_FIRST_CLICK""}","{""ImportId"":""QID66_LAST_CLICK""}","{""ImportId"":""QID66_PAGE_SUBMIT""}","{""ImportId"":""QID66_CLICK_COUNT""}","{""ImportId"":""QID18_1""}","{""ImportId"":""QID18_2""}","{""ImportId"":""QID18_3""}","{""ImportId"":""QID18_4""}","{""ImportId"":""QID18_5""}","{""ImportId"":""QID18_6""}","{""ImportId"":""QID18_7""}","{""ImportId"":""QID73_FIRST_CLICK""}","{""ImportId"":""QID73_LAST_CLICK""}","{""ImportId"":""QID73_PAGE_SUBMIT""}","{""ImportId"":""QID73_CLICK_COUNT""}","{""ImportId"":""QID39""}","{""ImportId"":""QID60""}","{""ImportId"":""QID67_FIRST_CLICK""}","{""ImportId"":""QID67_LAST_CLICK""}","{""ImportId"":""QID67_PAGE_SUBMIT""}","{""ImportId"":""QID67_CLICK_COUNT""}","{""ImportId"":""QID19_1""}","{""ImportId"":""QID19_2""}","{""ImportId"":""QID19_3""}","{""ImportId"":""QID19_4""}","{""ImportId"":""QID19_5""}","{""ImportId"":""QID19_6""}","{""ImportId"":""QID19_7""}","{""ImportId"":""QID74_FIRST_CLICK""}","{""ImportId"":""QID74_LAST_CLICK""}","{""ImportId"":""QID74_PAGE_SUBMIT""}","{""ImportId"":""QID74_CLICK_COUNT""}","{""ImportId"":""QID40""}","{""ImportId"":""QID61""}","{""ImportId"":""QID68_FIRST_CLICK""}","{""ImportId"":""QID68_LAST_CLICK""}","{""ImportId"":""QID68_PAGE_SUBMIT""}","{""ImportId"":""QID68_CLICK_COUNT""}","{""ImportId"":""QID20_1""}","{""ImportId"":""QID20_2""}","{""ImportId"":""QID20_3""}","{""ImportId"":""QID20_4""}","{""ImportId"":""QID20_5""}","{""ImportId"":""QID20_6""}","{""ImportId"":""QID20_7""}","{""ImportId"":""QID75_FIRST_CLICK""}","{""ImportId"":""QID75_LAST_CLICK""}","{""ImportId"":""QID75_PAGE_SUBMIT""}","{""ImportId"":""QID75_CLICK_COUNT""}","{""ImportId"":""QID41""}","{""ImportId"":""QID62""}","{""ImportId"":""QID69_FIRST_CLICK""}","{""ImportId"":""QID69_LAST_CLICK""}","{""ImportId"":""QID69_PAGE_SUBMIT""}","{""ImportId"":""QID69_CLICK_COUNT""}","{""ImportId"":""QID21_1""}","{""ImportId"":""QID21_2""}","{""ImportId"":""QID21_3""}","{""ImportId"":""QID21_4""}","{""ImportId"":""QID21_5""}","{""ImportId"":""QID21_6""}","{""ImportId"":""QID21_7""}","{""ImportId"":""QID76_FIRST_CLICK""}","{""ImportId"":""QID76_LAST_CLICK""}","{""ImportId"":""QID76_PAGE_SUBMIT""}","{""ImportId"":""QID76_CLICK_COUNT""}","{""ImportId"":""QID42""}","{""ImportId"":""QID63""}","{""ImportId"":""QID70_FIRST_CLICK""}","{""ImportId"":""QID70_LAST_CLICK""}","{""ImportId"":""QID70_PAGE_SUBMIT""}","{""ImportId"":""QID70_CLICK_COUNT""}","{""ImportId"":""QID22_1""}","{""ImportId"":""QID22_2""}","{""ImportId"":""QID22_3""}","{""ImportId"":""QID22_4""}","{""ImportId"":""QID22_5""}","{""ImportId"":""QID22_6""}","{""ImportId"":""QID22_7""}","{""ImportId"":""QID77_FIRST_CLICK""}","{""ImportId"":""QID77_LAST_CLICK""}","{""ImportId"":""QID77_PAGE_SUBMIT""}","{""ImportId"":""QID77_CLICK_COUNT""}","{""ImportId"":""QID43""}","{""ImportId"":""QID64""}","{""ImportId"":""QID71_FIRST_CLICK""}","{""ImportId"":""QID71_LAST_CLICK""}","{""ImportId"":""QID71_PAGE_SUBMIT""}","{""ImportId"":""QID71_CLICK_COUNT""}","{""ImportId"":""QID23_1""}","{""ImportId"":""QID23_2""}","{""ImportId"":""QID23_3""}","{""ImportId"":""QID23_4""}","{""ImportId"":""QID23_5""}","{""ImportId"":""QID23_6""}","{""ImportId"":""QID23_7""}","{""ImportId"":""QID78_FIRST_CLICK""}","{""ImportId"":""QID78_LAST_CLICK""}","{""ImportId"":""QID78_PAGE_SUBMIT""}","{""ImportId"":""QID78_CLICK_COUNT""}","{""ImportId"":""QID49_1""}","{""ImportId"":""QID49_2""}","{""ImportId"":""QID49_3""}","{""ImportId"":""QID49_4""}","{""ImportId"":""QID49_5""}","{""ImportId"":""QID49_6""}","{""ImportId"":""QID49_7""}","{""ImportId"":""QID49_8""}","{""ImportId"":""QID49_9""}","{""ImportId"":""QID79_FIRST_CLICK""}","{""ImportId"":""QID79_LAST_CLICK""}","{""ImportId"":""QID79_PAGE_SUBMIT""}","{""ImportId"":""QID79_CLICK_COUNT""}","{""ImportId"":""QID44_1""}","{""ImportId"":""QID44_9""}","{""ImportId"":""QID44_2""}","{""ImportId"":""QID44_3""}","{""ImportId"":""QID44_5""}","{""ImportId"":""QID44_6""}","{""ImportId"":""QID44_7""}","{""ImportId"":""QID44_8""}","{""ImportId"":""QID80_FIRST_CLICK""}","{""ImportId"":""QID80_LAST_CLICK""}","{""ImportId"":""QID80_PAGE_SUBMIT""}","{""ImportId"":""QID80_CLICK_COUNT""}","{""ImportId"":""QID45_1""}","{""ImportId"":""QID45_2""}","{""ImportId"":""QID45_3""}","{""ImportId"":""QID45_4""}","{""ImportId"":""QID45_5""}","{""ImportId"":""QID45_6""}","{""ImportId"":""QID45_7""}","{""ImportId"":""QID81_FIRST_CLICK""}","{""ImportId"":""QID81_LAST_CLICK""}","{""ImportId"":""QID81_PAGE_SUBMIT""}","{""ImportId"":""QID81_CLICK_COUNT""}","{""ImportId"":""QID46_1""}","{""ImportId"":""QID47_TEXT""}","{""ImportId"":""QID48""}","{""ImportId"":""QID82_FIRST_CLICK""}","{""ImportId"":""QID82_LAST_CLICK""}","{""ImportId"":""QID82_PAGE_SUBMIT""}","{""ImportId"":""QID82_CLICK_COUNT""}"
2019-04-11 15:32:17,2019-04-11 15:32:30,Survey Preview,,100,12,True,2019-04-11 15:32:30,R_2cp7YOLyE2b8yyd,,,,,39.9597015380859375,-75.19950103759765625,preview,EN,,,,,,,,,,,,,,,,,,,,,,,,,,,,,,,,,,,,,,,,,,,,,,,,,,,,,,,,,,,,,,,,,,,,,,,,,,,,,,,,,,,,,,,,,,,,,,,,,,,,,,,,,,,,,,,,,,,,,,,,,,,,,,,,,,,,,,,,,,,,,,,,,,,,,,,,,,,,,,,,,,,,,,,,,,,,,,,,,,,,,,,
2019-04-11 16:22:23,2019-04-11 16:23:11,Survey Preview,,100,47,True,2019-04-11 16:23:11,R_3NxlKYOOo7QJBWU,,,,,39.9597015380859375,-75.19950103759765625,preview,EN,Chrome,73.0.3683.86,Windows NT 6.1,1536x864,1,,,,,,37,"10,11",45,,"4,5,6,7","13,14,15","17,18,19,20,21,22,23,24,25,26,27,28,29,30,31,32",,,,,,,,,,,,,,,,,,,,,,,,,,,,,,,,,,,,,,,,,,,,,,,,,,,,,,,,,,,,,,,,,,,,,,,,,,,,,,,,,,,,,,,,,,,,,,,,,,,,,,,,,,,,,,,,,,,,,,,,,,,,,,,,,,,,,,,,,,,,,,,,,,,,,,,,,,,,,,,,,,,,,,
2019-04-11 16:24:41,2019-04-11 16:24:59,Survey Preview,,100,17,True,2019-04-11 16:24:59,R_3HAhMUcIkEiAyad,,,,,39.9597015380859375,-75.19950103759765625,preview,EN,Chrome,73.0.3683.86,Windows NT 6.1,1536x864,1,,,,,,,"163,164,165,166,167,168,169,170,171,172,173,174,175,176,177,178",,,,,194,,,,,,,,,,,,,,,,,,,,,,,,,,,,,,,,,,,,,,,,,,,,,,,,,,,,,,,,,,,,,,,,,,,,,,,,,,,,,,,,,,,,,,,,,,,,,,,,,,,,,,,,,,,,,,,,,,,,,,,,,,,,,,,,,,,,,,,,,,,,,,,,,,,,,,,,,,,,,,,,,,,,,,
2019-04-16 11:45:23,2019-04-16 11:47:17,Survey Preview,,100,113,True,2019-04-16 11:47:18,R_1f0CJzrExn2YJJG,,,,,39.9597015380859375,-75.19950103759765625,preview,NL,Chrome,73.0.3683.86,Windows NT 6.1,1536x864,1,,,,,,,,,,,,,,,,,,,,,,,,,,,,,,,,,,,,,,,,,,,,,,,,,,,,,,,,,,,,,,,,,,,,,,,,,,,,,,,,,,,,,,,,,,,,,,,,,,,,,,,,,,,,,,,,,,,,,,,,,,,,,,,,,,,,,,,,,,,,,,,,,,,,,,,,,,,,,,,,,,,,,,,,,,,,,,,,,,
2019-04-29 11:27:17,2019-04-29 11:30:18,Survey Preview,,100,181,True,2019-04-29 11:30:19,R_1C78ZU1wQqW8z22,,,,,39.9597015380859375,-75.19950103759765625,preview,NL,Safari,12.0.3,Macintosh,2560x1440,,Wanneer ‘ik’ op de muur kras,,,,,"2: mijn,3: wijsvinger,4: scharrel,5: ik,6: behoedzaam,7: het,8: laatste,9: restje,10: uit,11: een,12: blik.,13: Mijn,14: oren,15: registreren,16: de,17: vertrouwde,18: geluiden.,19: Het,20: sissen,21: van,22: het,23: water,24: in,25: de,26: toiletten.,27: De,28: kinderkreten,29: in,30: de,31: flat,32: boven,33: mijn,34: hoofd.",,,"170: Telkens,171: wanneer,172: de,173: man,174: me,175: in,176: de,177: woonkamer,178: hoort,",,"104: sleur,105: mijn,106: oude,107: lijf,108: naar,109: de,110: woonkamer.,111: Daar,112: komt,113: het,114: geluid,115: vandaan.,116: Daar,117: moet,118: ik,119: naartoe.,120: Vandaag,121: laat,122: ik,123: me,124: niet,125: meer,126: door,127: mijn,128: angst,129: verlammen.,130: Al,131: enkele,132: dagen,133: krast","75: hiernaast,76: moet,77: de,78: klap",,,,,,,,,,,,"33: Ik,34: moet,35: de,36: man,37: weglokken,38: van,39: de,40: muur.,41: Nu,42: moet,43: ik,44: het,45: doen.,46: Onhoorbaar,47: sluip,48: ik,49: naar,50: de,51: deur,52: en,53: druk,54: mijn,55: oog,56: tegen,57: het,58: ronde","129: gelukt.,130: Een,131: roofdier,132: moet,133: je,134: afleiden",,,,,,,,,,,,,,,,,,,,,109: comfortabele,,,,,,,,,,,,,,,,,,,,,,,,,,,,,,,,,,,,,,,,,,,,,,,,,,,,,,,,,,,,,,,,,,,,,,,,,,,,,,,,,,,,,,,,,,3,,,2,,,2,,2,,,,,5,,,5,3,,,3,,,,,2,,3,,,2,,,,,,,,,,,,
2019-06-13 14:35:09,2019-06-13 14:37:08,Survey Preview,,100,119,True,2019-06-13 14:37:09,R_2BtIHHu13koE5h5,,,,,40.00970458984375,-75.312103271484375,preview,NL,Chrome,74.0.3729.169,Windows NT 6.1,1920x1080,,Elke ochtend,11.097,11.097,12.8,1,,,,,,,,,,,,,Het irriteerde hem,,,,,,,,,,,,,,,,,In de woonkamer,,,,,"60: Terwijl,61: ik,62: wachtte,,63: las,64: ik,65: de,66: aankondigingen,67: in,68: het,69: parochieblad,70: en,71: keek,72: naar,73: de,74: lottotrekking,75: op,76: televisie.,77: Ik,78: las,79: de,80: horoscopen,81: van,82: vrouwenbladen.,83: Maar,84: een,85: man,86: kwam,87: er,88: niet.,89: Na,90: de,91: dood,92: van,93: mijn,94: ouders,95: heb,96: ik,97: het,98: huis,99: van,100: de,101: hand,102: gedaan.","27: kom,28: ik,29: in,30: beweging.,31: Dat,32: is,33: het,34: geheim,35: van,36: katten.,37: Tot,38: voor,39: kort,40: woonde,41: ik,42: in,43: mijn,44: geboortehuis",,,"3: meer,4: maken,,5: zijn,6: opmerkzaamheid,7: niet",,,,,,,,Vanaf welk uur is de nacht geen nacht meer?,,,,,9: twee,,,,,,,,,,,,Een brandweerwagen,,,,,,,,,,,,,,,,,Pillen innemen,,,,,,,,,,,,,,,,,De trap nemen,,,,,,,,,,,12: nemen.,,,,,,Geweigerd om het kussen te delen,,,,,,,,,,,,,,,,,,,,,,,,,,,,,66,,34,15,27,24,29,39,,,,,22,36,10,16,9,8,100,,,,,19,,,,,,
2019-06-26 11:08:44,2019-06-26 11:41:39,IP Address,128.91.12.120,100,1974,True,2019-06-26 11:41:40,R_2v840aKBgKNsap8,,,,,37.751007080078125,-97.82199859619140625,anonymous,NL,Chrome,75.0.3770.80,Macintosh,2560x1440,,Wanneer de man ‘mij’ in de woonkamer hoort,91.356,91.356,94.356,1,"1: Met,2: mijn,5: ik,7: het,8: laatste,10: uit,11: een,19: Het,20: sissen,21: van,22: het","15: registreren,16: de,23: water,24: in,25: de,26: toiletten.,29: in,30: de,31: flat,32: boven,33: mijn,34: hoofd.,35: De,36: buitendeur,37: die,45: Mijn,46: oudevrouwenhanden,67: Mijn,68: armbeweging,93: Ik,94: trek,95: mijn,96: rok,97: op,,98: zak,99: op,100: handen,101: en,102: knieën","4: scharrel,9: restje,13: Mijn,14: oren,38: drie,39: verdiepingen,40: lager,111: Daar,112: komt,113: het,114: geluid,115: vandaan.,120: Vandaag,121: laat,122: ik,123: me,124: niet,160: Maar,161: dit,162: is,163: mijn,164: flat.","3: wijsvinger,12: blik.,72: van,73: de,74: flat,75: hiernaast,103: en,104: sleur,105: mijn,106: oude,107: lijf,108: naar,109: de,110: woonkamer.,182: Geen,183: geluiden,184: meer,185: maken,186: is,187: de,188: boodschap.","6: behoedzaam,17: vertrouwde,18: geluiden.,27: De,28: kinderkreten,116: Daar,117: moet,118: ik,119: naartoe.,125: meer,126: door,127: mijn,128: angst,129: verlammen.,130: Al,131: enkele,132: dagen,133: krast,134: de,135: man,136: van,137: hiernaast,138: op,139: de,140: muur.,147: De,148: man,149: wil,150: me,151: eerst,152: bang,153: maken.,165: Ik,166: laat,167: er,168: niemand,169: in.,179: begint,180: zijn,181: gekras.","41: in,42: het,43: slot,44: valt.,47: graaien,48: boven,49: het,50: aanrecht.,51: Het,52: lege,53: blik,54: valt,55: op,56: de,57: grond,76: moet,77: de,78: klap,79: hebben,80: gehoord.,170: Telkens,171: wanneer,172: de,173: man,174: me,175: in,176: de,177: woonkamer,178: hoort,","58: en,59: rolt,60: met,61: een,62: klap,63: tegen,64: de,65: metalen,66: vuilnisbak.,69: bevriest.,70: De,71: man,81: Het,82: verschrikkelijke,83: krassen,84: begint,85: weer.,86: 0,,87: God,,88: houdt,89: het,90: dan,91: nooit,92: op?,141: Het,142: krassen,143: is,144: voor,145: mij,146: bestemd.,154: Daarna,155: wil,156: hij,157: de,158: deur,159: openbreken.",27.534,226.452,229.541,116,,Het bracht hem in verwarring,71.999,71.999,74.021,1,"60: De,61: lift,62: in,63: de,64: trappenhal,65: zoemt.,130: Een,131: roofdier,132: moet,133: je,134: afleiden,135: van,136: zijn,137: prooi,,150: Een,151: roofdier,152: kan,153: zijn,154: gehoor,155: maar,156: op,157: één,158: punt,159: richten,","33: Ik,34: moet,35: de,36: man,37: weglokken,38: van,39: de,40: muur.,52: en,53: druk,54: mijn,55: oog,56: tegen,57: het,58: ronde,59: kijkgaatje.,85: Voorzichtig,86: schuifel,87: ik,88: de,89: gang,90: op,91: naar,92: de,93: volgende,94: deur.,119: Zijn,120: deurbel,121: heeft,122: hem,123: in,124: verwarring,125: gebracht.,126: Het,127: is,128: me,129: gelukt.,138: je,139: moet,140: op,141: een,142: andere,143: plaats,144: in,145: zijn,146: gehoorveld,147: zijn,148: aandacht,149: trekken.","1: Het,2: krassen,3: op,4: de,5: muur,15: Hij,16: weet,17: dat,18: hij,41: Nu,42: moet,43: ik,44: het,45: doen.,72: en,73: verdwijnt,74: in,75: haar,76: flat.",,"6: wordt,7: driftiger.,19: ongestoord,20: op,21: de,22: muur,23: kan,24: krassen,,48: ik,49: naar,50: de,51: deur,112: Het,113: krassen,114: is,115: gestopt.,160: dat,161: is,162: zijn,163: enige,164: zwakte.","8: De,9: man,10: gedraagt,11: zich,12: als,13: een,14: roofdier.,25: dat,26: ik,27: geen,28: mens,29: te,30: hulp,31: kan,32: roepen.,66: Een,67: vrouw,68: stapt,69: uit,70: de,71: lift,77: Na,78: enkele,79: minuten,95: Een,96: druk,97: op,98: de,99: bel.,104: en,105: draai,106: de,107: sleutel,108: om,109: in,110: het,111: slot.,116: De,117: muur,118: zwijgt.","46: Onhoorbaar,47: sluip,80: open,81: ik,82: onhoorbaar,83: de,84: deur.,100: Dan,101: hol,102: ik,103: terug",5.833,113.237,114.715,59,,In de woonkamer,69.553,69.553,71.942,1,"18: Onhoorbaar,19: verschuif,20: ik,21: mijn,22: evenwichtspunt,23: naar,24: achteren,,25: dan,26: pas,27: kom,28: ik,29: in,30: beweging.,118: zei,119: de,120: winkelbediende.,133: en,134: vul,135: een,136: glas,137: water.,157: uit,158: mijn,159: geopende,160: hand.","12: muisstil,13: zijn.,14: In,15: zes,16: tellen,17: uitademen.,31: Dat,32: is,33: het,34: geheim,35: van,36: katten.,63: las,64: ik,65: de,66: aankondigingen,67: in,68: het,69: parochieblad,70: en,71: keek,72: naar,73: de,74: lottotrekking,75: op,76: televisie.,103: Met,104: het,105: geld,106: kocht,107: ik,108: deze,109: comfortabele,110: driekamerflat,111: en,112: een,113: siamese,114: kat.,146: Een,147: tijd,148: blijf,149: ik,150: onbeweeglijk,151: liggen.,155: de,156: slaappil","5: zijn,6: opmerkzaamheid,7: niet,8: naar,9: de,10: muur,11: richten,,37: Tot,38: voor,39: kort,40: woonde,41: ik,77: Ik,78: las,79: de,80: horoscopen,81: van,82: vrouwenbladen.,121: Op,122: handen,123: en,124: voeten,125: sluip,126: ik,127: naar,128: de,129: keuken,","42: in,43: mijn,44: geboortehuis,45: aan,46: de,47: andere,48: kant,49: van,50: de,51: stad.","60: Terwijl,61: ik,62: wachtte,,83: Maar,84: een,85: man,86: kwam,87: er,88: niet.,115: 'Een,116: ideaal,117: gezelschapsdier',,130: grijp,131: het,132: pillendoosje","1: Geen,2: fout,3: meer,4: maken,,52: Zestig,53: jaar,54: wachtte,55: ik,56: daar,57: op,58: een,59: man.,138: In,139: de,140: woonkamer,141: kruip,142: ik,143: op,144: het,145: kussen.,152: Dan,153: lik,154: ik","89: Na,90: de,91: dood,92: van,93: mijn,94: ouders,95: heb,96: ik,97: het,98: huis,99: van,100: de,101: hand,102: gedaan.",7.436,115.683,118.558,58,,Vanaf welk uur is de nacht geen nacht meer?,61.915,61.915,63.312,1,"7: Het,8: is,9: twee,10: uur.,11: Nooit,12: eerder,13: heb,14: ik,15: de,16: krasgeluiden,17: 's,18: nachts,19: gehoord.,24: Opgerold,25: lig,26: ik,27: op,28: het,29: kussen.,30: Mijn,31: armen,32: komen,33: in,34: beweging.","88: geeft,89: zich,90: over,,91: dat,92: weten,93: zelfs,94: katten.,112: Drie,113: uur.,137: in,138: de,139: geluidloze,140: wereld,141: van,142: de,143: slaap.","3: heeft,4: me,5: wakker,6: gemaakt.,20: Mijn,21: keel,22: zit,23: dicht.,95: Traag,96: kom,97: ik,98: overeind.,103: Niet,104: bewegen.,114: Het,115: krassen,116: is,117: overgegaan,118: in,119: klauwen.,128: Zijn,129: er,130: al,131: buren,132: wakker,144: Vanaf,145: welk,146: uur,147: is,148: de,149: nacht,150: geen,151: nacht,152: meer?","52: in,53: het,54: cocon,55: van,56: de,57: slaap.,83: Wie,84: op,85: zijn,86: rug,87: ligt,,124: Krampen,125: in,126: mijn,127: benen.","1: Het,2: gekras,35: Deze,36: nacht,37: gaat,38: het,39: gebeuren,,47: De,48: buren,49: hebben,50: zich,51: teruggetrokken,58: Ik,59: sta,60: er,61: helemaal,62: alleen,63: voor.,64: Het,65: gaat,66: nu,67: enkel,68: tussen,69: de,70: man,71: en,72: mij.,105: De,106: minuten,107: tellen,108: tot,109: het,110: licht,111: wordt.,133: of,134: zwerven,135: ze,136: nog","77: niet,78: op,79: mijn,80: rug,81: blijven,82: liggen.,99: Drie,100: minuten,101: na,102: twee.,120: Wat,121: moet,122: ik,123: doen?","40: op,41: deze,42: nacht,43: heeft,44: de,45: man,46: gewacht.,73: Weg,74: van,75: het,76: kussen,",2.814,106.585,108.458,59,,Een vrachtwagen,55.437,55.437,56.784,1,"3: Verkrampt,4: rechterbeen.,45: Vijf,46: uur.,104: Zes,105: uur.,1257","1: Vier,2: uur.,5: Proberen,6: om,7: op,8: mijn,9: linkerbeen,10: te,11: steunen.,20: voor,21: het,22: ochtend,23: wordt.,106: Een,107: vrachtwagen,108: claxonneert,109: op,110: straat,,117: De,118: buren,119: komen,120: nu,121: uit,122: hun,123: bed.","60: als,61: ik,62: om,63: hulp,64: roep.,98: heb,99: ik,100: in,101: een,102: krant,103: gelezen.","33: tot,34: de,35: vermoeidheid,36: me,37: verdooft.,90: Om,91: vijf,92: uur","17: Nog,18: één,19: uur,38: Wakker,39: blijven.,56: Ze,57: zullen,58: me,59: horen,111: de,112: stad,113: komt,114: terug,115: tot,116: leven.","12: Geen,13: enkel,14: geluid,15: op,16: straat.,24: Waarom,25: stopt,26: het,27: krassen?,28: Misschien,29: heeft,30: de,31: man,32: gewacht,47: De,48: nacht,49: is,50: nu,51: echt,52: voorbij.,65: De,66: man,67: neemt,68: een,69: risico,70: als,71: hij,72: nu,73: mijn,74: flat,75: binnendringt.,86: waarop,87: wacht,88: het,89: ochtendlicht?,93: worden,94: de,95: meeste,96: misdrijven,97: gepleegd,,128: Het,129: is,130: ochtend.","40: Hij,41: komt,42: er,43: niet,44: in.,53: De,54: buren,55: ontwaken.,76: Waarom,77: schijnt,78: er,79: nog,80: steeds,81: geen,82: licht,83: door,84: het,85: gordijn,,124: Waarom,125: hoor,126: ik,127: niets?,131: Het,132: moet,133: ochtend,134: zijn.",2.443,124.491,125.421,64,,Een blik openen,44.894,44.894,46.33,1,"1: Zeven,2: uur.,12: Ergens,13: boven,14: mijn,15: hoofd,47: trek,48: mijn,49: benen,50: op,70: Zonnestralen,71: branden,72: door,73: de,74: dunne,75: gordijnen.","10: in,11: beweging.,36: heb,37: ik,38: overleefd.,39: Ik,40: laat,41: me,42: weer,43: op,44: het,45: kussen,46: zakken,,51: en,52: sluit,53: mijn,54: ogen.,65: Traag,66: open,67: ik,68: mijn,69: ogen.,76: Iemand,77: spoelt,78: een,79: toilet,80: door.,81: Een,82: vrouw,83: huilt,,102: en,103: open,104: een,105: blik.","7: een,8: brommend,9: geluid,22: schreeuwt,23: iemand.,25: de,26: vertrouwde,27: geluiden,28: van,29: het,30: gebouw.,60: kunnen,61: me,62: niet,63: meer,64: verontrusten.,84: een,85: man,86: lacht,87: hard.","16: huilt,17: een,18: kind.,88: Het,89: zijn,90: de,91: gewone,92: middaggeluiden.","3: De,4: lift,5: komt,6: met,31: De,32: stilte,33: van,34: de,35: nacht,55: De,56: ketens,57: van,58: de,59: slaap,93: Ik,94: takel,95: mijn,96: lijf,97: op,","19: `Houd,20: je,21: kop!',24: Eindelijk,,98: strompel,99: naar,100: de,101: keuken",,1.701,82.019,83.121,57,,De trap nemen,42.44,42.44,43.805,1,"43: zegt,44: de,45: ene,46: vrouw,,63: de,64: onbedekte,65: strook,66: tussen,67: de,68: onderkant,69: van,70: de,71: deur,72: en,73: de,74: drempel.","1: De,2: lift,3: in,4: de,5: trappenhal,6: bromt.,16: wat,17: daar,18: gebeurt.,79: zegt,80: de,81: andere,82: vrouw,,103: omdat,104: ik,105: niet,106: naar,107: de,108: lift,109: durf.`","10: Geen,11: risico,12: nemen.,19: Voorzichtig,20: naar,21: de,22: deur,23: sluipen.,28: Mijn,29: rechteroog,30: loert,31: door,32: het,33: kleine,34: ronde,35: deurgaatje.,47: 'je,48: ziet,49: de,50: schaduw,51: van,52: haar,53: voeten,54: onder,55: de,56: deur.',60: naar,61: de,62: tochtspleet,","7: Dan,8: stopt,9: ze.,25: in,26: de,27: trappenhal.,98: `Soms,99: neem,100: ik,101: de,102: trap","24: Stemmen,36: Twee,37: buurvrouwen.,39: ze,40: staat,41: daar,42: weer;,57: Mijn,58: blik,59: glijdt,75: `Ze,76: staat,77: daar,78: dikwijls`,,94: zegt,95: de,96: eerste,97: vrouw.","13: Ik,14: moet,15: weten,83: `vaak,84: als,85: ik,86: de,87: lift,88: neem.`","38: `Kijk,,89: `Dat,90: mens,91: maakt,92: me,93: bang`,",3.468,79.879,81.599,51,,Geweigerd om het kussen te delen,42.609,42.609,43.608,1,"6: zegt,7: de,8: eerste,9: vrouw,,37: zegt,38: de,39: eerste,40: stem.,61: naar,62: de,63: woonkamer.","33: met,34: haar,35: siamese,36: kater`,,51: schrammen,52: mijn,53: knieën.,64: Ondertussen,65: weet,66: ik,67: hoe,68: dat,69: moet.","15: maar,16: om,17: naar,18: de,19: winkel,20: te,21: gaan,22: voor,23: kattenvoer.,24: Ze,25: praat,26: tegen,27: niemand.`,54: Op,55: handen,56: en,57: voeten,58: kruip,59: ik,60: onhoorbaar","42: schuif,43: ik,44: weg,45: van,46: de,47: deur.,70: Ik,71: ga,72: op,73: het,74: kussen,75: liggen,84: dit,85: kussen,86: niet,87: met,88: me,89: delen?,100: te,101: behouden","48: Mijn,49: scherpe,50: vingernagels","1: `Het,2: is,3: een,4: eng,5: wijf,,10: 'ze,11: verlaat,12: haar,13: flat,14: alleen,28: `Ze,29: woont,30: hier,31: helemaal,32: alleen,41: Geschrokken,76: en,77: rol,78: mezelf,79: op.,80: Waarom,81: wilde,82: het,83: beest,90: Waarom,91: moest,92: ik,93: de,94: kater,95: eruit,96: gooien","97: om,98: deze,99: slaapplek,102: in,103: mijn,104: eigen,105: flat?",2.644,76.072,77.867,51,73,45,53,85,62,93,19,100,,6.453,28.32,50.763,8,84,,54,17,43,94,41,22,5.695,83.263,142.025,17,44,26,67,40,17,45,31,4.276,181.33,182.336,17,94,25,meer dan 2 keer per week,2.835,40.186,41.764,13
2019-06-21 13:42:16,2019-06-21 13:43:05,IP Address,158.130.173.70,33,49,False,2019-06-28 13:43:34,R_1FKxxJbKqz5SycM,,,,,,,anonymous,NL,Safari,12.1.1,Macintosh,2560x1440,,Wanneer de man ‘mij’ in de woonkamer hoort,2.273,2.273,3.19,1,"1: Met,2: mijn,3: wijsvinger,4: scharrel,5: ik,6: behoedzaam,7: het,8: laatste,9: restje,10: uit,11: een,12: blik.,13: Mijn,14: oren,15: registreren,16: de,17: vertrouwde,18: geluiden.,19: Het,20: sissen,21: van,22: het,23: water,24: in,25: de,26: toiletten.,27: De,28: kinderkreten,29: in,30: de,31: flat,32: boven,33: mijn,34: hoofd.,35: De,36: buitendeur,37: die,38: drie,39: verdiepingen,40: lager,41: in,42: het,43: slot,44: valt.,45: Mijn,46: oudevrouwenhanden,47: graaien,48: boven,49: het,50: aanrecht.,51: Het,52: lege,53: blik,54: valt,55: op,56: de,57: grond,58: en,59: rolt,60: met,61: een,62: klap,63: tegen,64: de,65: metalen,66: vuilnisbak.,67: Mijn,68: armbeweging,69: bevriest.,70: De,71: man,72: van,73: de,74: flat,75: hiernaast,76: moet,77: de,78: klap,79: hebben,80: gehoord.,81: Het,82: verschrikkelijke,83: krassen,84: begint,85: weer.,86: 0,,87: God,,88: houdt,89: het,90: dan,91: nooit,92: op?,93: Ik,94: trek,95: mijn,96: rok,97: op,,98: zak,99: op,100: handen,101: en,102: knieën,103: en,104: sleur,105: mijn,106: oude,107: lijf,108: naar,109: de,110: woonkamer.,111: Daar,112: komt,113: het,114: geluid,115: vandaan.,116: Daar,117: moet,118: ik,119: naartoe.,120: Vandaag,121: laat,122: ik,123: me,124: niet,125: meer,126: door,127: mijn,128: angst,129: verlammen.,130: Al,131: enkele,132: dagen,133: krast,134: de,135: man,136: van,137: hiernaast,138: op,139: de,140: muur.,141: Het,142: krassen,143: is,144: voor,145: mij,146: bestemd.,147: De,148: man,149: wil,150: me,151: eerst,152: bang,153: maken.,154: Daarna,155: wil,156: hij,157: de,158: deur,159: openbreken.,160: Maar,161: dit,162: is,163: mijn,164: flat.,165: Ik,166: laat,167: er,168: niemand,169: in.,170: Telkens,171: wanneer,172: de,173: man,174: me,175: in,176: de,177: woonkamer,178: hoort,,179: begint,180: zijn,181: gekras.,182: Geen,183: geluiden,184: meer,185: maken,186: is,187: de,188: boodschap.",,,,,,,3.113,8.816,9.891,4,,Het bracht hem in verwarring,4.159,4.159,4.885,1,,,,"151: roofdier,152: kan,153: zijn,154: gehoor,155: maar,156: op,157: één,158: punt,159: richten,,160: dat,161: is,162: zijn,163: enige,164: zwakte.",,,"1: Het,2: krassen,3: op,4: de,5: muur,6: wordt,7: driftiger.,8: De,9: man,10: gedraagt,11: zich,12: als,13: een,14: roofdier.,15: Hij,16: weet,17: dat,18: hij,19: ongestoord,20: op,21: de,22: muur,23: kan,24: krassen,,25: dat,26: ik,27: geen,28: mens,29: te,30: hulp,31: kan,32: roepen.,33: Ik,34: moet,35: de,36: man,37: weglokken,38: van,39: de,40: muur.,41: Nu,42: moet,43: ik,44: het,45: doen.,46: Onhoorbaar,47: sluip,48: ik,49: naar,50: de,51: deur,52: en,53: druk,54: mijn,55: oog,56: tegen,57: het,58: ronde,59: kijkgaatje.,60: De,61: lift,62: in,63: de,64: trappenhal,65: zoemt.,66: Een,67: vrouw,68: stapt,69: uit,70: de,71: lift,72: en,73: verdwijnt,74: in,75: haar,76: flat.,77: Na,78: enkele,79: minuten,80: open,81: ik,82: onhoorbaar,83: de,84: deur.,85: Voorzichtig,86: schuifel,87: ik,88: de,89: gang,90: op,91: naar,92: de,93: volgende,94: deur.,95: Een,96: druk,97: op,98: de,99: bel.,100: Dan,101: hol,102: ik,103: terug,104: en,105: draai,106: de,107: sleutel,108: om,109: in,110: het,111: slot.,112: Het,113: krassen,114: is,115: gestopt.,116: De,117: muur,118: zwijgt.,119: Zijn,120: deurbel,121: heeft,122: hem,123: in,124: verwarring,125: gebracht.,126: Het,127: is,128: me,129: gelukt.,130: Een,131: roofdier,132: moet,133: je,134: afleiden,135: van,136: zijn,137: prooi,,138: je,139: moet,140: op,141: een,142: andere,143: plaats,144: in,145: zijn,146: gehoorveld,147: zijn,148: aandacht,149: trekken.,150: Een",4.734,11.434,12.916,4,,Ergens anders,3.019,3.019,4.522,1,,,,,,,,,,,,,,,,,,,,,,,,,,,,,,,,,,,,,,,,,,,,,,,,,,,,,,,,,,,,,,,,,,,,,,,,,,,,,,,,,,,,,,,,,,,,,,,,,,,,,,,,,,,,,,,,,,,,,,,,,,,,,,,,,,,,,,,,,,,
2019-07-11 12:25:48,2019-07-11 12:29:35,IP Address,158.130.173.70,100,226,True,2019-07-11 12:29:37,R_1OW6HQiWXsBk94P,,,,,39.9597015380859375,-75.19950103759765625,anonymous,NL,Safari,12.1.1,Macintosh,2560x1440,,Wanneer de man ‘mij’ in de woonkamer hoort,69.4,69.4,70.341,1,"1: Met,2: mijn,3: wijsvinger,4: scharrel,5: ik,6: behoedzaam,7: het,8: laatste,9: restje,10: uit,11: een,12: blik.,13: Mijn,14: oren,15: registreren,16: de,17: vertrouwde,18: geluiden.,19: Het,20: sissen,21: van,22: het,23: water,24: in,25: de,26: toiletten.,27: De,28: kinderkreten,29: in,30: de,31: flat,32: boven,33: mijn,34: hoofd.,35: De,36: buitendeur,37: die,38: drie,39: verdiepingen,40: lager,41: in,42: het,43: slot,44: valt.,45: Mijn,46: oudevrouwenhanden,47: graaien,48: boven,49: het,50: aanrecht.,51: Het,52: lege,53: blik,54: valt,55: op,56: de,57: grond,58: en,59: rolt,60: met,61: een,62: klap,63: tegen,64: de,65: metalen,66: vuilnisbak.,67: Mijn,68: armbeweging,69: bevriest.,70: De,71: man,72: van,73: de,74: flat,75: hiernaast,76: moet,77: de,78: klap,79: hebben,80: gehoord.,81: Het,82: verschrikkelijke,83: krassen,84: begint,85: weer.,86: 0,,87: God,,88: houdt,89: het,90: dan,91: nooit,92: op?,93: Ik,94: trek,95: mijn,96: rok,97: op,,98: zak,99: op,100: handen,101: en,102: knieën,103: en,104: sleur,105: mijn,106: oude,107: lijf,108: naar,109: de,110: woonkamer.,111: Daar,112: komt,113: het,114: geluid,115: vandaan.,116: Daar,117: moet,118: ik,119: naartoe.,120: Vandaag,121: laat,122: ik,123: me,124: niet,125: meer,126: door,127: mijn,128: angst,129: verlammen.,130: Al,131: enkele,132: dagen,133: krast,134: de,135: man,136: van,137: hiernaast,138: op,139: de,140: muur.,141: Het,142: krassen,143: is,144: voor,145: mij,146: bestemd.,147: De,148: man,149: wil,150: me,151: eerst,152: bang,153: maken.,154: Daarna,155: wil,156: hij,157: de,158: deur,159: openbreken.,160: Maar,161: dit,162: is,163: mijn,164: flat.,165: Ik,166: laat,167: er,168: niemand,169: in.,170: Telkens,171: wanneer,172: de,173: man,174: me,175: in,176: de,177: woonkamer,178: hoort,,179: begint,180: zijn,181: gekras.,182: Geen,183: geluiden,184: meer,185: maken,186: is,187: de,188: boodschap.",,,,,,,4.4,5.917,7.881,2,,Het bracht hem in verwarring,6.158,6.158,7.515,1,"1: Het,2: krassen,3: op,4: de,5: muur,6: wordt,7: driftiger.,8: De,9: man,10: gedraagt,11: zich,12: als,13: een,14: roofdier.,15: Hij,16: weet,17: dat,18: hij,19: ongestoord,20: op,21: de,22: muur,23: kan,24: krassen,,25: dat,26: ik,27: geen,28: mens,29: te,30: hulp,31: kan,32: roepen.,33: Ik,34: moet,35: de,36: man,37: weglokken,38: van,39: de,40: muur.,41: Nu,42: moet,43: ik,44: het,45: doen.,46: Onhoorbaar,47: sluip,48: ik,49: naar,50: de,51: deur,52: en,53: druk,54: mijn,55: oog,56: tegen,57: het,58: ronde,59: kijkgaatje.,60: De,61: lift,62: in,63: de,64: trappenhal,65: zoemt.,66: Een,67: vrouw,68: stapt,69: uit,70: de,71: lift,72: en,73: verdwijnt,74: in,75: haar,76: flat.,77: Na,78: enkele,79: minuten,80: open,81: ik,82: onhoorbaar,83: de,84: deur.,85: Voorzichtig,86: schuifel,87: ik,88: de,89: gang,90: op,91: naar,92: de,93: volgende,94: deur.,95: Een,96: druk,97: op,98: de,99: bel.,100: Dan,101: hol,102: ik,103: terug,104: en,105: draai,106: de,107: sleutel,108: om,109: in,110: het,111: slot.,112: Het,113: krassen,114: is,115: gestopt.,116: De,117: muur,118: zwijgt.,119: Zijn,120: deurbel,121: heeft,122: hem,123: in,124: verwarring,125: gebracht.,126: Het,127: is,128: me,129: gelukt.,130: Een,131: roofdier,132: moet,133: je,134: afleiden,135: van,136: zijn,137: prooi,,138: je,139: moet,140: op,141: een,142: andere,143: plaats,144: in,145: zijn,146: gehoorveld,147: zijn,148: aandacht,149: trekken.,150: Een,151: roofdier,152: kan,153: zijn,154: gehoor,155: maar,156: op,157: één,158: punt,159: richten,,160: dat,161: is,162: zijn,163: enige,164: zwakte.",,,,,,,3.153,4.379,5.679,2,,In de woonkamer,4.83,4.83,5.983,1,"1: Geen,2: fout,3: meer,4: maken,,5: zijn,6: opmerkzaamheid,7: niet,8: naar,9: de,10: muur,11: richten,,12: muisstil,13: zijn.,14: In,15: zes,16: tellen,17: uitademen.,18: Onhoorbaar,19: verschuif,20: ik,21: mijn,22: evenwichtspunt,23: naar,24: achteren,,25: dan,26: pas,27: kom,28: ik,29: in,30: beweging.,31: Dat,32: is,33: het,34: geheim,35: van,36: katten.,37: Tot,38: voor,39: kort,40: woonde,41: ik,42: in,43: mijn,44: geboortehuis,45: aan,46: de,47: andere,48: kant,49: van,50: de,51: stad.,52: Zestig,53: jaar,54: wachtte,55: ik,56: daar,57: op,58: een,59: man.,60: Terwijl,61: ik,62: wachtte,,63: las,64: ik,65: de,66: aankondigingen,67: in,68: het,69: parochieblad,70: en,71: keek,72: naar,73: de,74: lottotrekking,75: op,76: televisie.,77: Ik,78: las,79: de,80: horoscopen,81: van,82: vrouwenbladen.,83: Maar,84: een,85: man,86: kwam,87: er,88: niet.,89: Na,90: de,91: dood,92: van,93: mijn,94: ouders,95: heb,96: ik,97: het,98: huis,99: van,100: de,101: hand,102: gedaan.,103: Met,104: het,105: geld,106: kocht,107: ik,108: deze,109: comfortabele,110: driekamerflat,111: en,112: een,113: siamese,114: kat.,115: 'Een,116: ideaal,117: gezelschapsdier',,118: zei,119: de,120: winkelbediende.,121: Op,122: handen,123: en,124: voeten,125: sluip,126: ik,127: naar,128: de,129: keuken,,130: grijp,131: het,132: pillendoosje,133: en,134: vul,135: een,136: glas,137: water.,138: In,139: de,140: woonkamer,141: kruip,142: ik,143: op,144: het,145: kussen.,146: Een,147: tijd,148: blijf,149: ik,150: onbeweeglijk,151: liggen.,152: Dan,153: lik,154: ik,155: de,156: slaappil,157: uit,158: mijn,159: geopende,160: hand.",,,,,,,3.548,4.672,6.399,2,,Vanaf welk uur is de nacht geen nacht meer?,3.109,3.109,4.207,1,"1: Het,2: gekras,3: heeft,4: me,5: wakker,6: gemaakt.,7: Het,8: is,9: twee,10: uur.,11: Nooit,12: eerder,13: heb,14: ik,15: de,16: krasgeluiden,17: 's,18: nachts,19: gehoord.,20: Mijn,21: keel,22: zit,23: dicht.,24: Opgerold,25: lig,26: ik,27: op,28: het,29: kussen.,30: Mijn,31: armen,32: komen,33: in,34: beweging.,35: Deze,36: nacht,37: gaat,38: het,39: gebeuren,,40: op,41: deze,42: nacht,43: heeft,44: de,45: man,46: gewacht.,47: De,48: buren,49: hebben,50: zich,51: teruggetrokken,52: in,53: het,54: cocon,55: van,56: de,57: slaap.,58: Ik,59: sta,60: er,61: helemaal,62: alleen,63: voor.,64: Het,65: gaat,66: nu,67: enkel,68: tussen,69: de,70: man,71: en,72: mij.,73: Weg,74: van,75: het,76: kussen,,77: niet,78: op,79: mijn,80: rug,81: blijven,82: liggen.,83: Wie,84: op,85: zijn,86: rug,87: ligt,,88: geeft,89: zich,90: over,,91: dat,92: weten,93: zelfs,94: katten.,95: Traag,96: kom,97: ik,98: overeind.,99: Drie,100: minuten,101: na,102: twee.,103: Niet,104: bewegen.,105: De,106: minuten,107: tellen,108: tot,109: het,110: licht,111: wordt.,112: Drie,113: uur.,114: Het,115: krassen,116: is,117: overgegaan,118: in,119: klauwen.,120: Wat,121: moet,122: ik,123: doen?,124: Krampen,125: in,126: mijn,127: benen.,128: Zijn,129: er,130: al,131: buren,132: wakker,133: of,134: zwerven,135: ze,136: nog,137: in,138: de,139: geluidloze,140: wereld,141: van,142: de,143: slaap.,144: Vanaf,145: welk,146: uur,147: is,148: de,149: nacht,150: geen,151: nacht,152: meer?",,,,,,,3.278,4.673,5.862,2,,Een vrachtwagen,5.436,5.436,6.465,1,"1: Vier,2: uur.,3: Verkrampt,4: rechterbeen.,5: Proberen,6: om,7: op,8: mijn,9: linkerbeen,10: te,11: steunen.,12: Geen,13: enkel,14: geluid,15: op,16: straat.,17: Nog,18: één,19: uur,20: voor,21: het,22: ochtend,23: wordt.,24: Waarom,25: stopt,26: het,27: krassen?,28: Misschien,29: heeft,30: de,31: man,32: gewacht,33: tot,34: de,35: vermoeidheid,36: me,37: verdooft.,38: Wakker,39: blijven.,40: Hij,41: komt,42: er,43: niet,44: in.,45: Vijf,46: uur.,47: De,48: nacht,49: is,50: nu,51: echt,52: voorbij.,53: De,54: buren,55: ontwaken.,56: Ze,57: zullen,58: me,59: horen,60: als,61: ik,62: om,63: hulp,64: roep.,65: De,66: man,67: neemt,68: een,69: risico,70: als,71: hij,72: nu,73: mijn,74: flat,75: binnendringt.,76: Waarom,77: schijnt,78: er,79: nog,80: steeds,81: geen,82: licht,83: door,84: het,85: gordijn,,86: waarop,87: wacht,88: het,89: ochtendlicht?,90: Om,91: vijf,92: uur,93: worden,94: de,95: meeste,96: misdrijven,97: gepleegd,,98: heb,99: ik,100: in,101: een,102: krant,103: gelezen.,104: Zes,105: uur.,106: Een,107: vrachtwagen,108: claxonneert,109: op,110: straat,,111: de,112: stad,113: komt,114: terug,115: tot,116: leven.,117: De,118: buren,119: komen,120: nu,121: uit,122: hun,123: bed.,124: Waarom,125: hoor,126: ik,127: niets?,128: Het,129: is,130: ochtend.,131: Het,132: moet,133: ochtend,134: zijn.",,,,,,,2.017,2.951,4.239,2,,Een blik openen,3.286,3.286,4.361,1,"1: Zeven,2: uur.,3: De,4: lift,5: komt,6: met,7: een,8: brommend,9: geluid,10: in,11: beweging.,12: Ergens,13: boven,14: mijn,15: hoofd,16: huilt,17: een,18: kind.,19: `Houd,20: je,21: kop!',22: schreeuwt,23: iemand.,24: Eindelijk,,25: de,26: vertrouwde,27: geluiden,28: van,29: het,30: gebouw.,31: De,32: stilte,33: van,34: de,35: nacht,36: heb,37: ik,38: overleefd.,39: Ik,40: laat,41: me,42: weer,43: op,44: het,45: kussen,46: zakken,,47: trek,48: mijn,49: benen,50: op,51: en,52: sluit,53: mijn,54: ogen.,55: De,56: ketens,57: van,58: de,59: slaap,60: kunnen,61: me,62: niet,63: meer,64: verontrusten.,65: Traag,66: open,67: ik,68: mijn,69: ogen.,70: Zonnestralen,71: branden,72: door,73: de,74: dunne,75: gordijnen.,76: Iemand,77: spoelt,78: een,79: toilet,80: door.,81: Een,82: vrouw,83: huilt,,84: een,85: man,86: lacht,87: hard.,88: Het,89: zijn,90: de,91: gewone,92: middaggeluiden.,93: Ik,94: takel,95: mijn,96: lijf,97: op,,98: strompel,99: naar,100: de,101: keuken,102: en,103: open,104: een,105: blik.",,,,,,,2.858,4.478,5.586,2,,De trap nemen,2.836,2.836,3.988,1,"1: De,2: lift,3: in,4: de,5: trappenhal,6: bromt.,7: Dan,8: stopt,9: ze.,10: Geen,11: risico,12: nemen.,13: Ik,14: moet,15: weten,16: wat,17: daar,18: gebeurt.,19: Voorzichtig,20: naar,21: de,22: deur,23: sluipen.,24: Stemmen,25: in,26: de,27: trappenhal.,28: Mijn,29: rechteroog,30: loert,31: door,32: het,33: kleine,34: ronde,35: deurgaatje.,36: Twee,37: buurvrouwen.,38: `Kijk,,39: ze,40: staat,41: daar,42: weer;,43: zegt,44: de,45: ene,46: vrouw,,47: 'je,48: ziet,49: de,50: schaduw,51: van,52: haar,53: voeten,54: onder,55: de,56: deur.',57: Mijn,58: blik,59: glijdt,60: naar,61: de,62: tochtspleet,,63: de,64: onbedekte,65: strook,66: tussen,67: de,68: onderkant,69: van,70: de,71: deur,72: en,73: de,74: drempel.,75: `Ze,76: staat,77: daar,78: dikwijls`,,79: zegt,80: de,81: andere,82: vrouw,,83: `vaak,84: als,85: ik,86: de,87: lift,88: neem.`,89: `Dat,90: mens,91: maakt,92: me,93: bang`,,94: zegt,95: de,96: eerste,97: vrouw.,98: `Soms,99: neem,100: ik,101: de,102: trap,103: omdat,104: ik,105: niet,106: naar,107: de,108: lift,109: durf.`",,,,,,,2.753,3.742,6.267,2,,Geweigerd om het kussen te delen,1.89,1.89,2.93,1,"1: `Het,2: is,3: een,4: eng,5: wijf,,6: zegt,7: de,8: eerste,9: vrouw,,10: 'ze,11: verlaat,12: haar,13: flat,14: alleen,15: maar,16: om,17: naar,18: de,19: winkel,20: te,21: gaan,22: voor,23: kattenvoer.,24: Ze,25: praat,26: tegen,27: niemand.`,28: `Ze,29: woont,30: hier,31: helemaal,32: alleen,33: met,34: haar,35: siamese,36: kater`,,37: zegt,38: de,39: eerste,40: stem.,41: Geschrokken,42: schuif,43: ik,44: weg,45: van,46: de,47: deur.,48: Mijn,49: scherpe,50: vingernagels,51: schrammen,52: mijn,53: knieën.,54: Op,55: handen,56: en,57: voeten,58: kruip,59: ik,60: onhoorbaar,61: naar,62: de,63: woonkamer.,64: Ondertussen,65: weet,66: ik,67: hoe,68: dat,69: moet.,70: Ik,71: ga,72: op,73: het,74: kussen,75: liggen,76: en,77: rol,78: mezelf,79: op.,80: Waarom,81: wilde,82: het,83: beest,84: dit,85: kussen,86: niet,87: met,88: me,89: delen?,90: Waarom,91: moest,92: ik,93: de,94: kater,95: eruit,96: gooien,97: om,98: deze,99: slaapplek,100: te,101: behouden,102: in,103: mijn,104: eigen,105: flat?",,,,,,,2.616,3.785,5.299,2,,,,,,,,,,0,0,2.176,0,36,16,18,40,14,24,11,60,3.331,14.86,15.877,8,21,8,13,12,10,9,23,1.346,7.31,8.383,7,66,233,,1.248,2.79,8.531,2
